ds,yhat,yhat_lower,yhat_upper
2011-01-29,21.09440674166535,-7.2371664949440335,47.35365472468054
2011-01-30,20.671098242948865,-5.461856531285236,47.549300036791486
2011-01-31,15.479434555971462,-12.394358283283157,43.30306725716887
2011-02-01,13.813834859577257,-13.487435339670572,40.20134322264515
2011-02-02,13.745258057524696,-13.270519899490298,41.224329739512854
2011-02-03,15.561536296750253,-11.52980823381087,42.75073031039842
2011-02-04,17.265741503102923,-9.021770797940937,44.31166201877972
2011-02-05,21.158264118216806,-6.560877787401706,48.53631680221857
2011-02-06,20.77929721136152,-4.790367837753122,48.17013760004694
2011-02-07,15.601340780849618,-11.222908772603223,43.55872931980646
2011-02-08,13.96911259474069,-12.224591644245178,41.87608948133264
2011-02-09,13.941051374280699,-13.664039282581685,39.38204903497731
2011-02-10,15.806186986162025,-10.591580308164563,44.30823019274061
2011-02-11,17.554868814771428,-7.728123386401097,46.12404336410371
2011-02-12,21.501179254157993,-4.6459273612101155,48.9682310312609
2011-02-13,21.145456435424066,-4.731416361281894,49.20876613074228
2011-02-14,15.956781978699265,-11.317617902136401,43.945848527422314
2011-02-15,14.33067046971046,-12.080412859289812,40.31944701723059
2011-02-16,14.313494363771426,-11.481945206698695,41.82235950024306
2011-02-17,16.19588984273132,-11.978913448047688,43.522076510422345
2011-02-18,17.955849796508527,-8.692397451873715,44.51491093436732
2011-02-19,21.92147813815345,-3.7088890886651065,46.56176112423926
2011-02-20,21.553559882844077,-4.877159523164114,49.630572522630004
2011-02-21,16.318043017514658,-8.925942425517349,44.42951346426743
2011-02-22,14.661518397790038,-12.745392201414804,43.291795996750594
2011-02-23,14.618578420079123,-13.463389831365149,41.090317266324384
2011-02-24,16.48176999688588,-10.345284396987687,44.00855309859072
2011-02-25,18.217062185233267,-6.212966827258311,44.32357573687943
2011-02-26,22.166949194254293,-5.3718191494425795,47.85841701130801
2011-02-27,21.753072869233016,-3.3627652121439353,47.914994158040166
2011-02-28,16.43870040077966,-9.357345665421457,43.824216487463
2011-03-01,14.721992674023639,-11.860704601826251,42.55742557267451
2011-03-02,14.626290866478111,-12.972411107902548,42.28763751340233
2011-03-03,16.44660682655521,-10.466089393862056,41.9816849377957
2011-03-04,18.137451951496082,-6.577257111846851,43.562078000948695
2011-03-05,22.056272184296443,-3.025727760447861,48.550983918436145
2011-03-06,21.586103444468986,-3.4340314883215743,48.07038134545235
2011-03-07,16.188023671026222,-12.456162235803712,42.822418764163295
2011-03-08,14.412186909297574,-12.041641324986252,42.83606858337386
2011-03-09,14.271014852201956,-13.49404101878184,40.06451370176476
2011-03-10,16.06220237879512,-9.556738995359021,43.30593044121348
2011-03-11,17.728887213109214,-8.520159109111331,45.11916724808897
2011-03-12,21.643399239529263,-5.410857150791502,46.61536309404558
2011-03-13,21.149934976607316,-6.0600207170548455,48.644955917691576
2011-03-14,15.70697469310427,-11.745184947505793,43.350708139668306
2011-03-15,13.91607835856888,-13.520731186418498,41.88637214319076
2011-03-16,13.777984218896272,-11.34831457654282,40.99224539833695
2011-03-17,15.592137932516483,-11.873542774544696,41.63946952900345
2011-03-18,17.289217958665745,-9.809932739696796,45.36916567703122
2011-03-19,21.255220579800895,-5.585439699563721,48.79429063365508
2011-03-20,20.794180934500503,-5.42209862998268,48.67287872904561
2011-03-21,15.360588294967235,-12.225808371027073,42.57788042667637
2011-03-22,13.605981755515362,-12.060892849339648,41.698313706506
2011-03-23,13.517997498882062,-14.965430326443668,39.761048057582826
2011-03-24,15.396465778387551,-11.181794799061418,42.70619293810687
2011-03-25,17.158337527964743,-9.04737374959134,43.02444528294769
2011-03-26,21.20215036540143,-5.259000333722341,49.319723796419424
2011-03-27,20.79083970620666,-7.507635614408921,47.2664036676117
2011-03-28,15.374192408452188,-12.657824455814126,41.306180574491876
2011-03-29,13.653277622235805,-13.14504952997706,41.52843390297424
2011-03-30,13.602471828210804,-11.904774569588715,40.58448513814694
2011-03-31,15.522145235206791,-12.85684684137641,44.50326247508434
2011-04-01,17.31600248878945,-10.306169939160126,42.35047519533225
2011-04-02,21.39593293128719,-7.167837715317199,48.24558579119472
2011-04-03,20.984904956079113,-5.354461548744848,46.65643387200464
2011-04-04,15.529440589937556,-10.329314139863776,44.27013144192038
2011-04-05,13.781853497990385,-12.398510736879437,41.349797158368034
2011-04-06,13.70521393602503,-12.946672078593705,41.440959238900646
2011-04-07,15.602576950347036,-11.228751260241326,41.60875617249204
2011-04-08,17.366681226916416,-10.128334519870716,44.16810400595023
2011-04-09,21.42512049486972,-5.063850024530039,49.971707006511615
2011-04-10,20.963252519855317,-6.777774203096224,49.27784693661527
2011-04-11,15.426622310962761,-11.20750676088244,43.21695729580775
2011-04-12,13.62093344593308,-13.32324770378952,39.894139201318545
2011-04-13,13.499879561227358,-14.733152092068062,39.96080694928926
2011-04-14,15.37084387608469,-10.405451455371006,42.53174178984627
2011-04-15,17.1168907921618,-8.541144079957594,44.753152911392604
2011-04-16,21.182200362438305,-4.697636456395883,48.470087853336054
2011-04-17,20.71494323547054,-7.937056134206336,46.48848760251734
2011-04-18,15.159615067302624,-11.580722648123473,41.81130899624379
2011-04-19,13.37471663043593,-12.395354554972148,41.00350505260428
2011-04-20,13.303441480701526,-13.195305166381196,40.50938413973108
2011-04-21,15.25585153960337,-11.735567018686615,42.402368479084366
2011-04-22,17.103181779544325,-10.524608954067745,44.619030671370204
2011-04-23,21.303573756920713,-6.890481084826717,46.94095272615095
2011-04-24,20.964967772013342,-5.544544385116142,47.40403259452037
2011-04-25,15.527414154731739,-11.985789153697532,42.00722098527477
2011-04-26,13.898540913635857,-13.829345204285984,42.165256554078105
2011-04-27,14.007187676097951,-14.16818962392006,40.59232194084161
2011-04-28,16.162156624841717,-11.425666315374674,41.2233096304788
2011-04-29,18.21893627931596,-8.951163976786136,43.301465969645356
2011-04-30,22.645844051631272,-4.400680746072072,49.748193496319395
2011-05-01,22.507046551549227,-3.492013012088406,48.082854149745685
2011-05-02,17.234956538352527,-8.88237594926794,45.965972159106066
2011-05-03,15.783591612249994,-11.026206690572971,42.22549980678084
2011-05-04,16.065249532877786,-12.193182623814526,43.02363176295006
2011-05-05,18.385918244910716,-8.353437636809804,46.94450012861808
2011-05-06,20.58448837400752,-6.766436772827528,47.385254945518724
2011-05-07,25.13935787024882,-1.1294506848238843,52.196101316284995
2011-05-08,25.07161492169277,-1.2403706064400362,53.877833413042104
2011-05-09,19.80753484467735,-7.098098609180475,48.910551492306105
2011-05-10,18.349822826372474,-6.93962461769996,47.00140962479977
2011-05-11,18.597301854252095,-7.928709753355999,46.404694691593924
2011-05-12,20.856931367677973,-4.7603348361995454,46.43310163779519
2011-05-13,22.955436993326124,-4.478108936965438,49.94036456468071
2011-05-14,27.386286076053963,2.403093266468361,54.48796345049032
2011-05-15,27.132924143879237,-0.1140014686641708,53.96833210361946
2011-05-16,21.62124723611625,-3.2033580760319316,47.76344233177793
2011-05-17,19.908591656840056,-8.343652363139658,46.225460800782365
2011-05-18,19.88628826309851,-4.935938144618734,46.77970782998414
2011-05-19,21.868137946399404,-5.132275688779704,47.39241264075535
2011-05-20,23.67430518352711,-2.2999045167800025,49.80788867719332
2011-05-21,27.81851346396266,2.685909373801879,55.13153897728221
2011-05-22,27.251190846750905,-0.5449176066769388,54.346766123776916
2011-05-23,21.40178382054927,-4.271478656779396,48.85429993933924
2011-05-24,19.385374550943894,-7.267818973489224,46.12854203539634
2011-05-25,19.087999938758532,-8.261224321889392,47.5482647499639
2011-05-26,20.83150340351683,-5.446824354787453,46.637712053095896
2011-05-27,22.42963543595921,-4.98220516425523,48.919542908898705
2011-05-28,26.41543787972983,0.8225635111322147,53.36524122251235
2011-05-29,25.704294730734418,-1.2120925273154948,52.15109756870224
2011-05-30,19.72611160372654,-4.824843912952357,45.319697225328305
2011-05-31,17.64961246052322,-9.040669701662392,44.25792772838078
2011-06-01,17.350502573621938,-9.436508059030897,44.850465012544205
2011-06-02,19.152801435002836,-8.246708922414049,46.22918588900181
2011-06-03,20.85727858379901,-7.144311876630271,44.5782583326014
2011-06-04,25.009175626468412,-1.859518004525238,52.770177478236285
2011-06-05,24.481328285871246,-0.7108591850031677,50.48844309857429
2011-06-06,18.696390631911985,-8.496772061517666,44.688313615590765
2011-06-07,16.868999180797925,-10.896640359820308,42.359318516004464
2011-06-08,16.85697167910241,-8.661384221274307,45.648700289112305
2011-06-09,18.979312174979015,-9.379697354301134,46.43109460240386
2011-06-10,21.017167325024506,-4.799173067250652,48.91346523027938
2011-06-11,25.522060628565228,0.7221918423290213,52.73012131830266
2011-06-12,25.319244796586823,-1.3421642323095277,53.172658142421206
2011-06-13,19.82011005937758,-7.725482724405035,47.48355626105631
2011-06-14,18.28233129527241,-8.055982439455047,43.88271725408743
2011-06-15,18.544191305402002,-8.616440267313967,45.36440773553644
2011-06-16,20.919317053955872,-5.4975427506566135,49.16841485844103
2011-06-17,23.170183861704036,-2.8346083824390496,49.63458220055635
2011-06-18,27.856856526994086,3.7686000312572316,54.99916811290552
2011-06-19,27.760533655893475,-2.14795687730202,53.60285667307458
2011-06-20,22.286069218941233,-2.694911381912184,49.098953185041644
2011-06-21,20.740000827107128,-6.776501065893517,48.40737955030154
2011-06-22,20.947866799899586,-4.845479110641289,47.71399314595471
2011-06-23,23.225517077011833,-2.165741746682651,49.40578231556766
2011-06-24,25.32498671820374,-1.408598274823873,53.45193293808691
2011-06-25,29.823547577564142,1.4206482119614905,56.23439667909953
2011-06-26,29.467235342031763,1.927196847594955,55.61295308245693
2011-06-27,23.663267379511343,-2.5204579921240744,51.0119335893621
2011-06-28,21.77573296075211,-5.8799116194564895,49.58211887881719
2011-06-29,21.625688242915942,-5.130945710963869,48.586733554816874
2011-06-30,23.538834824064182,-4.901142768893908,51.42393141526004
2011-07-01,25.263569710231394,0.17955016887860786,51.534196767306895
2011-07-02,29.400173904914258,2.7805343707152397,56.65384885148846
2011-07-03,28.66417226886947,2.603830016730982,54.99881865638558
2011-07-04,22.468525488086577,-3.9226583719481054,50.71927696505849
2011-07-05,20.23689105804661,-8.381355574084875,46.31279787804325
2011-07-06,19.786438476670114,-5.036713642084631,45.365392430860695
2011-07-07,21.451872850518168,-4.333796167816872,48.3237143069745
2011-07-08,22.975674590625385,-3.9383708111625193,51.13012877346516
2011-07-09,26.97747384649816,0.9909246514535196,53.67161495904917
2011-07-10,26.13732667656928,-1.4273993066515902,54.53966120273896
2011-07-11,19.867797182020563,-5.9613729993039275,45.13796914959286
2011-07-12,17.644935004659004,-9.258226433550718,46.341030941399225
2011-07-13,17.27398256037869,-10.033036118955732,43.38554775532794
2011-07-14,19.089937300304,-4.272411045324718,46.488229630215905
2011-07-15,20.820191633364075,-6.584607677029984,45.99117866571293
2011-07-16,25.094315276727983,0.8293229214620205,51.79910944026992
2011-07-17,24.547475758376113,-2.3840274968413655,51.875373749233894
2011-07-18,18.582638906425842,-8.72744864686019,47.13570257880324
2011-07-19,16.719485433250895,-10.280382731465746,43.46104608374798
2011-07-20,16.743221526406884,-10.911015099101903,43.273144274179636
2011-07-21,18.981874535111857,-7.771067040762743,45.45122099542876
2011-07-22,21.141506195443267,-6.930241424293556,48.74040432701655
2011-07-23,25.856550419793614,-0.5286429366863037,54.35714580110728
2011-07-24,25.713495861145446,-1.4691294803302206,53.274133377839036
2011-07-25,20.103290325715786,-6.265646591743352,46.65536593969553
2011-07-26,18.588247635598137,-6.475879320497856,46.57822575788585
2011-07-27,18.933976786321754,-8.248653554986893,46.2174010771676
2011-07-28,21.463390816851174,-6.285645127881545,47.59250431080834
2011-07-29,23.864438190710903,-4.381215723568325,49.59037854658394
2011-07-30,28.780907138947295,1.0084200412951578,55.0113801760551
2011-07-31,28.756250516874264,1.5100168418288429,55.85625601341702
2011-08-01,23.176047059015367,-2.351416725740387,50.83226742436482
2011-08-02,21.6527274907428,-5.7485935378710264,47.18323127583319
2011-08-03,21.940432109034585,-3.8280732567855247,47.3264357579967
2011-08-04,24.36552898497889,-1.7475045506721267,50.13584512115578
2011-08-05,26.606650699357637,0.6121284835642485,53.46077873867885
2011-08-06,31.325749636892066,4.605978857073152,57.157383964057004
2011-08-07,31.03185188959721,4.766763511468624,57.72970732704153
2011-08-08,25.113370157822153,-2.399935878015857,51.903844134037165
2011-08-09,23.24045713862341,-1.832794694525968,51.751347624414365
2011-08-10,23.162617598529643,-2.437460987809002,49.7543259395574
2011-08-11,25.215584308862148,-2.49853900510601,51.793173205387944
2011-08-12,27.073534519083314,-0.1510619361064852,52.98906554840005
2011-08-13,31.42029948765695,6.580348485986158,58.78244328923741
2011-08-14,30.73298173291216,4.667365028162594,58.68929459155899
2011-08-15,24.40408615538753,-2.4109383196424,49.99064457035069
2011-08-16,22.1614999281621,-5.81610829819322,46.68038904653761
2011-08-17,21.748890429172135,-5.125788046941779,46.846808691076696
2011-08-18,23.50900104943949,-2.2196746813010497,50.122833257865594
2011-08-19,25.10813813103477,-1.0379117163001443,52.51335923652099
2011-08-20,29.24765111476857,2.349422485473648,56.21248613896017
2011-08-21,28.367551579442615,3.9908400294541857,55.154923333907206
2011-08-22,21.85861894055471,-4.8762470599690255,47.48287452723978
2011-08-23,19.500176532811334,-6.363588058702673,46.8019304859244
2011-08-24,19.023453547110293,-8.184684684552662,47.52351022634595
2011-08-25,20.771482269154735,-5.422102583421524,46.48018423398244
2011-08-26,22.39603538955672,-5.438915913809566,49.31588079815329
2011-08-27,26.609550085884482,2.284485593659285,56.57325700571119
2011-08-28,25.808910897036355,-0.5291656613732446,51.87491046694745
2011-08-29,19.377676481364496,-7.7726051223715045,47.06401599402842
2011-08-30,17.141779023230633,-10.021335571680776,44.26120647241603
2011-08-31,16.81595477378118,-8.84969380991564,43.20303397190844
2011-09-01,18.740322294634947,-8.51398190680569,46.11676843941013
2011-09-02,20.54982295228399,-6.867662208045534,47.7332846100556
2011-09-03,24.966614039676887,-0.2634519087503266,53.05663353601943
2011-09-04,24.344012752308714,-2.648675973222804,50.903604560163984
2011-09-05,18.058814109439293,-6.593439336558366,43.99174822007927
2011-09-06,15.984858080259313,-9.226350987560535,44.34965410586066
2011-09-07,15.822449598878784,-10.156723040217653,43.92266120924046
2011-09-08,17.9115179999975,-10.70432138620356,41.661585853095225
2011-09-09,19.87344360972209,-7.377502254784204,50.616209817638484
2011-09-10,24.44378941665916,-3.4074931287289845,52.04539097853165
2011-09-11,23.936266475098545,-4.340067283475969,49.52995157877174
2011-09-12,17.724998566413866,-9.80781398317994,44.911871473989585
2011-09-13,15.735812395390477,-11.579603820196992,43.354414186682575
2011-09-14,15.65850667757572,-11.64970780448222,45.13715935417675
2011-09-15,17.83646090689915,-9.3889489707487,45.75729474816186
2011-09-16,19.880728713357687,-5.4995976082940645,47.28363892147132
2011-09-17,24.543004851597466,-2.118430688352784,52.34017910144895
2011-09-18,24.09952794211024,-3.7198510678083183,51.84076688046212
2011-09-19,17.923229353585118,-9.92654310958477,44.07889960410564
2011-09-20,15.99270727492345,-9.365758347465166,43.8755998904309
2011-09-21,15.987330030290272,-9.279441737397802,43.802838787800255
2011-09-22,18.253303948071487,-6.482232891882968,44.71090566016336
2011-09-23,20.39006738156765,-4.930008031668032,47.15583547368357
2011-09-24,25.16354980420177,-2.3786501286082444,52.51866832192809
2011-09-25,24.81008963780625,-2.009991573610921,50.56872472026096
2011-09-26,18.69856349225786,-8.439688848458857,46.14356824588176
2011-09-27,16.85715550081722,-8.290345756113636,43.06515010410539
2011-09-28,16.951417902253645,-10.318754212208553,42.589584965778954
2011-09-29,19.326928738461042,-8.98894113334906,45.419055416585444
2011-09-30,21.568120762319904,-5.837562716819802,47.628227137684455
2011-10-01,26.45196605079966,-0.04335750847526468,54.86158243272373
2011-10-02,26.172037232130773,-1.3754838562131708,53.53504284056553
2011-10-03,20.09073614808953,-6.120593968396423,47.13594824420235
2011-10-04,18.283964404003203,-7.083579932333681,43.76528358607393
2011-10-05,18.40223056952417,-9.6183251953603,45.38682447425075
2011-10-06,20.789967464693497,-4.900191314505888,47.423674463316324
2011-10-07,23.016843713624734,-5.279375125066413,49.06627729127121
2011-10-08,27.871897879065816,1.6858411112337353,53.77474006738254
2011-10-09,27.507742293110283,0.6007338228240169,54.028354693589726
2011-10-10,21.282865246874373,-2.7769742937675153,49.3329501219932
2011-10-11,19.32415221386871,-7.25710896690325,46.46184408464868
2011-10-12,19.270965679993104,-9.586003561958817,46.267974669403756
2011-10-13,21.471026490276,-6.7788232872377465,49.15292763365659
2011-10-14,23.48409355069444,-3.7439734031256307,48.845761962072295
2011-10-15,28.11641717142547,1.8833671364843876,55.842599607924555
2011-10-16,27.48494302465135,0.9702001164110536,54.98552613465243
2011-10-17,20.949537265165223,-6.7511600970386505,48.68256533888919
2011-10-18,18.693204031361073,-8.417185441646172,45.70518108517081
2011-10-19,18.348984181748555,-10.682428624717119,44.64709824447245
2011-10-20,20.272252149057948,-7.177829556706021,47.66476358951554
2011-10-21,22.016624796355458,-5.656008841058665,47.21988229330712
2011-10-22,26.408608690774432,-0.44980749149309834,52.32400105796006
2011-10-23,25.531696428135543,-0.47876127938734236,50.996015307446385
2011-10-24,18.74842777908655,-7.655652371053123,45.58072714105813
2011-10-25,16.298240191223076,-10.381009229017335,43.12414878309915
2011-10-26,15.807148913377961,-12.58300387920275,41.562452038813774
2011-10-27,17.636449016240928,-9.75330304635692,45.812562034433476
2011-10-28,19.33087090670035,-7.450541936985014,45.654216513984764
2011-10-29,23.73346677278329,-3.2530530982558425,51.38804913219956
2011-10-30,22.88967136813143,-4.858041247810236,50.48758681256891
2011-10-31,16.159296490398578,-11.137415041636757,43.94007938209723
2011-11-01,13.832134653034425,-11.629762556926499,40.28926750424766
2011-11-02,13.520560627685372,-12.537267124765279,39.86463805023699
2011-11-03,15.584794954075399,-10.04175985912905,41.7808409336575
2011-11-04,17.553474687738795,-10.010550733334552,42.51186033197671
2011-11-05,22.27895544282221,-3.8805937887242674,50.810742510333164
2011-11-06,21.761516273594555,-6.105233656525328,50.00150145646884
2011-11-07,15.35146557909695,-12.183317388588764,40.98657869419293
2011-11-08,13.382669759848472,-13.494934376798755,40.484776043446786
2011-11-09,13.448237127498446,-14.522408253711507,42.14384368874346
2011-11-10,15.902488673339235,-9.8329770166766,43.29755408757892
2011-11-11,18.25407071866873,-6.980523921483059,43.87186461819096
2011-11-12,23.36177670362513,-6.622646403102243,49.67990980767677
2011-11-13,23.178974960350324,-3.8173475887359585,51.24902868371888
2011-11-14,17.045877358329776,-9.374249960437878,44.60359204266985
2011-11-15,15.341015284308765,-10.813034365226478,42.52905375870057
2011-11-16,15.639998703444444,-10.694416580295824,44.22108557562812
2011-11-17,18.294157486077697,-8.420250250460047,46.35489599080753
2011-11-18,20.79613070386722,-5.391200839768106,46.454518382713914
2011-11-19,26.01611598712681,-0.9713553845839202,53.634650762389576
2011-11-20,25.86640351672763,-0.7816790799280569,50.08987524146592
2011-11-21,19.683669105432504,-6.582503247587683,46.91039542483549
2011-11-22,17.898241326897367,-7.703902225013708,44.84902562191879
2011-11-23,18.075765603911556,-9.347033070752293,44.78339389266674
2011-11-24,20.572336365698575,-7.438954356351212,47.1970988889044
2011-11-25,22.87237834054033,-3.7037474856828116,51.0578258590168
2011-11-26,27.865138594665115,-0.1736349225369287,52.48413461007801
2011-11-27,27.429146326813626,-0.31031043860722896,55.00319275571323
2011-11-28,20.904359012351975,-4.883941306026163,46.164799067523575
2011-11-29,18.7790625948653,-9.230313884737045,46.18498626376657
2011-11-30,18.614299761110484,-8.639566331514478,45.689111143736376
2011-12-01,20.77537274468994,-6.217409445240697,48.37715580031687
2011-12-02,22.741919958855004,-5.204218598774327,49.83459741986307
2011-12-03,27.424579816577175,1.345141916282714,52.861823784113774
2011-12-04,26.669332720403933,-1.4637047162847399,54.31305303898177
2011-12-05,19.819484766983766,-5.9058701397350815,48.278969445104906
2011-12-06,17.42021367594556,-8.08222693805985,44.31225591285797
2011-12-07,17.02580144175758,-10.464248776417273,44.18252716284086
2011-12-08,19.007574122178973,-6.789318206092655,45.024709122504596
2011-12-09,20.83626426653872,-6.490956303268728,49.1331813684646
2011-12-10,25.43895845972779,-2.214498688292436,52.72746391789053
2011-12-11,24.623451785820237,-2.4783626623794115,51.05608951376071
2011-12-12,17.730214125570203,-10.85039148069892,44.96663395631375
2011-12-13,15.35473769864713,-11.079544731378942,40.58582084600953
2011-12-14,15.037736682856371,-11.675485587325538,43.45935894431769
2011-12-15,17.149689056952038,-11.772657643305145,44.73109312262098
2011-12-16,19.14564814799082,-7.551225138082989,46.28586874818892
2011-12-17,23.962631373727685,-2.33103711089932,51.022888759102045
2011-12-18,23.364134932901433,-3.4469935266869327,48.188395804689485
2011-12-19,16.682217183922237,-11.138314103976384,41.94358047942247
2011-12-20,14.557765900798579,-12.051027798226404,42.604790338277695
2011-12-21,14.513763942957608,-10.351889337737301,42.37076439755382
2011-12-22,16.916511146203813,-10.366715927856525,44.23586041174174
2011-12-23,19.202940420947016,-7.840693158071576,46.15320362158974
2011-12-24,24.31847971866203,-1.904406752764371,50.5491209466036
2011-12-25,23.9817353606694,-0.49664519026656817,49.43322938538134
2011-12-26,17.51667771738452,-9.491817472151434,46.12007737986568
2011-12-27,15.61079122864505,-11.875963443506276,42.93054574697745
2011-12-28,15.771348590819933,-10.20159921274246,42.568826125410055
2011-12-29,18.363236667299997,-7.6761298866694885,46.02293778842932
2011-12-30,20.808685137272736,-7.335552508378857,46.813511047106765
2011-12-31,26.065496591587852,-0.06779041097971386,53.764247180569285
2012-01-01,25.811783455377444,0.2943640293813432,51.819182163922584
2012-01-02,19.368134289446914,-6.70431011052557,45.33678132055125
2012-01-03,17.4735216556581,-9.882627027613255,43.16642801768062
2012-01-04,17.624460034364223,-10.096536589278772,43.79086342999372
2012-01-05,20.18931435975376,-7.5989449295795835,47.689101208989435
2012-01-06,22.580326276532222,-5.492646489585368,49.598920160548374
2012-01-07,27.77210665462404,-0.15836845140220426,53.048162269047985
2012-01-08,27.40633205722064,0.8724219289989003,51.58006773432107
2012-01-09,20.80381130225017,-4.545229567054778,47.86203706714346
2012-01-10,18.758086068057015,-9.67202528796465,43.6828689621068
2012-01-11,18.757423791240452,-7.1148267169418045,44.7496503453432
2012-01-12,21.17557701586264,-5.256287406027456,48.7688179587845
2012-01-13,23.41609249841546,-3.3691280010864535,51.73868942249335
2012-01-14,28.471068041288273,2.7858557462731897,57.24515394651438
2012-01-15,27.945826239607158,-0.12152827792897343,55.01294852430924
2012-01-16,21.160913605543698,-3.5972108040123967,48.27012088335375
2012-01-17,18.963439187997405,-7.435220714002405,43.45891557621938
2012-01-18,18.831958787502014,-7.866332702145916,46.06153922147717
2012-01-19,21.143750368823593,-6.47359619834766,48.09573687649066
2012-01-20,23.291477872493303,-4.667351300800608,49.77127143627013
2012-01-21,28.28228844883682,2.989527128828194,54.739381604007505
2012-01-22,27.68254139814259,-0.10158726438868108,56.09318337440542
2012-01-23,20.80981726096516,-4.530465607974625,50.00749494760403
2012-01-24,18.562069155937568,-7.342112404335016,44.59710177456848
2012-01-25,18.405468307584773,-8.426091181975611,44.74720420978092
2012-01-26,20.718259043857685,-6.307984443310812,48.36177350031458
2012-01-27,22.879832912448286,-2.146766025205928,50.88970294034919
2012-01-28,27.910212845774716,0.5662044477573862,53.214580573378456
2012-01-29,27.334873969443276,0.5185629567748826,55.18519835768814
2012-01-30,20.466789048680177,-5.905910233881604,46.258219254031246
2012-01-31,18.253408573276136,-10.515484332077305,43.60525067709385
2012-02-01,18.147473535400465,-8.642710054329163,45.088350323482196
2012-02-02,20.527446441280347,-6.021818592116949,45.73491636413164
2012-02-03,22.758983522595887,-2.9384942386985227,49.160499465692475
2012-02-04,27.874786092771817,0.8595617662967494,55.319204807729285
2012-02-05,27.359487255223087,0.7394468350209836,53.23561644550729
2012-02-06,20.521702945998967,-7.985528265385416,48.7949022101272
2012-02-07,18.35880673333744,-10.54619415473558,44.13133924108644
2012-02-08,18.310674080738448,-8.45944396770642,45.74716575295682
2012-02-09,20.75665338207371,-6.53333092494966,49.61935016964561
2012-02-10,23.04940146932247,-3.297743392562322,49.47204495051386
2012-02-11,28.235069834251266,1.9814595167976132,55.07449581050298
2012-02-12,27.758228484259977,1.2753663077197674,54.914824822890594
2012-02-13,20.923898289536226,-5.768836401334544,48.24852650065778
2012-02-14,18.78010131260245,-8.277415709153868,46.9868965536089
2012-02-15,18.75452286864943,-6.951735478449658,45.63434931047056
2012-02-16,21.228014520212444,-5.76572670759651,48.15375630338375
2012-02-17,23.54079030973931,-1.136494362092366,51.318045860549695
2012-02-18,28.752950390456917,1.7854386355211205,54.208617442989976
2012-02-19,28.26944908942913,2.036202113192054,58.066570562239825
2012-02-20,21.39211934350771,-4.261191642862065,50.642106312115594
2012-02-21,19.220012122804697,-6.056614081833629,46.30761043928739
2012-02-22,19.16899157679769,-6.6143054757786,44.886316520188764
2012-02-23,21.621785882963735,-4.383989722461755,49.60721147916282
2012-02-24,23.906559572203744,-4.8141497285452015,48.958815935955016
2012-02-25,29.097788313716986,2.6547796226660054,56.69577809087851
2012-02-26,28.561282293594306,1.7120987287727627,57.78618149059979
2012-02-27,21.596210326141076,-5.888770064468273,47.91040230813208
2012-02-28,19.353231717796437,-7.420207421315253,46.054037609433024
2012-02-29,19.237023087814052,-7.748986135890368,46.890365022745264
2012-03-01,21.632870609300664,-5.648720939509964,47.36314071652938
2012-03-02,23.857606864387314,-3.2072355567995,50.629822298603074
2012-03-03,29.000820315965072,1.2803137929533197,56.231477501675776
2012-03-04,28.389913073202475,1.9281249241149683,54.85774049264417
2012-03-05,21.322099963873267,-7.545786412359491,48.72565682479109
2012-03-06,19.000305224937225,-9.719183925655239,45.55547368896884
2012-03-07,18.818502471625116,-9.404276948789217,47.05199396476174
2012-03-08,21.16506341153189,-5.591675419351433,49.043925777439924
2012-03-09,23.345809166458878,-3.962342166586274,49.72758377037313
2012-03-10,28.46553299037046,0.9517982185174672,55.017711550175406
2012-03-11,27.81334756586791,1.9600552224461731,54.70606375369061
2012-03-12,20.684356611818384,-7.00543034375793,49.12291234494326
2012-03-13,18.33298388478928,-9.216121643659905,45.14276896915208
2012-03-14,18.141991078358394,-10.695230039474383,43.942967724270424
2012-03-15,20.501703970374887,-5.549163310079769,46.613171292849785
2012-03-16,22.705845567071854,-3.3760456765168594,52.45555829367257
2012-03-17,27.872988784856666,1.3314468534315498,55.10831301253185
2012-03-18,27.252523140572258,1.0093736304388023,54.507932746247214
2012-03-19,20.13566038104749,-5.7732535351859635,45.43544750445628
2012-03-20,17.826426968938197,-8.301264413324978,43.54413921890108
2012-03-21,17.694479181253428,-9.538247216759267,43.12413254549805
2012-03-22,20.13033719471069,-5.9446347635207815,46.76963919244922
2012-03-23,22.41382122854541,-3.342478754127823,50.56394387571053
2012-03-24,27.675594432139636,1.2205858472525284,54.169245203235256
2012-03-25,27.123808260782106,0.45334291948758704,51.379245067129226
2012-03-26,20.044499542621928,-6.101070337056971,45.883045235956914
2012-03-27,17.790299961521143,-9.738190655014419,44.99023764788376
2012-03-28,17.7170959659735,-9.211843346994135,45.90826358296575
2012-03-29,20.21531059911079,-6.549300089341077,48.27536347425358
2012-03-30,22.550972905287427,-4.3409127711761215,48.17361406365776
2012-03-31,27.86737023890195,1.1912215386872458,55.367749509507746
2012-04-01,27.332379273378297,-1.8817563152789023,53.37951660635314
2012-04-02,20.228248309196957,-6.730459155967496,46.79355077371671
2012-04-03,17.958003922703245,-9.08215174253871,45.768551172312634
2012-04-04,17.86592214458948,-8.114672764442414,42.99354265194005
2012-04-05,20.3448111468293,-7.45857560732117,46.164092079049055
2012-04-06,22.64965448232819,-4.001434211478248,48.92244686223308
2012-04-07,27.939302080719802,-1.3843935982892375,52.77334157236007
2012-04-08,27.344406503765896,-1.9595659056067765,54.123189565081375
2012-04-09,20.146502483311778,-6.278492157968337,46.31074523602488
2012-04-10,17.802017454948533,-9.997458076604238,44.12126129209084
2012-04-11,17.64645807556388,-8.169765088237238,45.14609555340759
2012-04-12,20.077598002427802,-6.2804775502526615,45.48280172269921
2012-04-13,22.34160229537302,-4.5623565739656025,49.61719688898748
2012-04-14,27.61467047981304,0.577017549067684,54.58376579242569
2012-04-15,26.991500373827893,0.9177642441915778,54.99034342468086
2012-04-16,19.7535988665594,-7.555688865204978,45.68431068587377
2012-04-17,17.41084452992893,-7.686612713420195,44.280788270729126
2012-04-18,17.289354021552565,-8.89075874348996,43.69867359393663
2012-04-19,19.79055761927504,-7.839696460712767,48.06041639289986
2012-04-20,22.149806858272484,-4.827350159503484,50.79212956285605
2012-04-21,27.55799190623369,1.1955957779357709,55.410865390925004
2012-04-22,27.070575573536548,2.98783477555228,55.06192101217436
2012-04-23,19.965197909016794,-8.49734197549297,48.544253732996765
2012-04-24,17.80087242895754,-9.343064147229164,45.74417329416271
2012-04-25,17.88963130903505,-9.66914285239684,43.84166518839286
2012-04-26,20.631602779515575,-6.835770125267532,46.76650377459014
2012-04-27,23.2462286202361,-4.499061002273553,50.197702426206924
2012-04-28,28.93399184558371,1.6260317901225245,54.39252485441666
2012-04-29,28.706162745613728,1.8757228346282755,54.4010899457718
2012-04-30,21.831841181966464,-4.721591251410693,49.15525090490069
2012-05-01,19.91492834675017,-7.7797026514950485,44.45044764994409
2012-05-02,20.249686602698517,-7.715363143614304,47.9740667467747
2012-05-03,23.23194449741538,-0.9401311788633162,50.89881731876359
2012-05-04,26.05584063515661,2.159285210767394,53.858380609557265
2012-05-05,31.934101117918534,6.26828719583343,61.06970873987015
2012-05-06,31.8384150524615,5.660435669472238,59.14686743712306
2012-05-07,25.03577203413391,-1.7750260361865846,53.28326583377214
2012-05-08,23.166171662988372,-2.3234115654396565,50.061908283569984
2012-05-09,23.50928588115897,-3.644726557237801,51.045557076418206
2012-05-10,26.457821368440783,-1.699608928337255,54.87005194298163
2012-05-11,29.203752444984783,0.6431538510851941,54.60355063302202
2012-05-12,34.96190591783353,8.27563243367444,62.4063825355146
2012-05-13,34.68323668874562,7.991598774983087,60.4442449309834
2012-05-14,27.63523081498246,1.8523543826297035,55.105431198361245
2012-05-15,25.4894118544673,-1.3672143030024861,51.05860607623613
2012-05-16,25.5233671880252,1.0964943607025832,52.90315244411626
2012-05-17,28.136263756956872,2.6388580026527078,54.21264371718097
2012-05-18,30.519732378735938,4.330933365030897,58.15998453379109
2012-05-19,35.903580023984304,10.306584088688625,62.15165973265196
2012-05-20,35.22480043506549,7.351318327201966,61.50847801131476
2012-05-21,27.757452903603443,-0.17141803302642467,54.20161735826108
2012-05-22,25.209791262726753,-1.7167321455048874,50.48166046507944
2012-05-23,24.861497953981704,-2.1981859031429343,51.03250707070333
2012-05-24,27.121219398063683,-0.3490103844277197,56.01434094549852
2012-05-25,29.181994631189355,3.450721052141687,54.47352529578496
2012-05-26,34.28901799771469,5.994922355024677,59.824907829020376
2012-05-27,33.364340570694864,6.0542818820706135,60.5089049121576
2012-05-28,25.686215151181464,-0.15704282146373605,54.43689190785385
2012-05-29,22.995874144656334,-2.949137351475585,49.78585300234989
2012-05-30,22.57003342765347,-2.990004831364866,49.83847188780565
2012-05-31,24.820544355859845,-1.4143961922774149,51.926954846058585
2012-06-01,26.93449685933384,-0.11175707372349894,55.071698549376826
2012-06-02,32.16419309187138,6.0067195427851585,58.37087332308952
2012-06-03,31.40772700897395,5.275572643683354,56.81499299237782
2012-06-04,23.938005394012947,-3.4054869392045535,48.796342153384174
2012-06-05,21.519401837585633,-7.309844141545096,47.01351070466201
2012-06-06,21.41576945269218,-5.833662203033049,48.683312516917596
2012-06-07,24.032454409467768,-2.3635690830698417,50.27532663434807
2012-06-08,26.54131797679723,0.6330913391803565,53.00930835692665
2012-06-09,32.19315888325034,7.054628938761025,58.58057893388042
2012-06-10,31.854395821875638,4.700886290594915,58.305921021590336
2012-06-11,24.785970281700184,-1.8143345299831373,51.925923601106454
2012-06-12,22.77005782181671,-3.5006661315098575,50.769268063661606
2012-06-13,23.053741209551976,-3.754163726118113,52.70800619635855
2012-06-14,26.03350311400053,-0.81161278960026,51.85016107933193
2012-06-15,28.865247289552997,1.0793916114659974,57.962771156594854
2012-06-16,34.79920984544527,8.791049226570168,60.08763136591955
2012-06-17,34.67274332669717,7.671485062833104,61.132687505653266
2012-06-18,27.739057968362957,1.8569210626760824,54.902798048570325
2012-06-19,25.80390545568458,-2.7854114123353058,50.968059358434154
2012-06-20,26.104787941857577,-1.0167531456796648,52.77824286217932
2012-06-21,29.037768366126958,3.8281179106452865,56.82714135496262
2012-06-22,31.752295988554017,5.858832202023846,59.313505343055844
2012-06-23,37.50838315674347,12.886761494256902,66.77340544701256
2012-06-24,37.12524435460306,9.605493507974087,64.31788428188848
2012-06-25,29.85961214888427,3.508798609417298,58.723454716360386
2012-06-26,27.552119155158028,1.7419547715453227,55.261310054727026
2012-06-27,27.441765005522285,1.9638405656931879,56.09793961525985
2012-06-28,29.934769761645228,4.199813099659859,55.365481842904806
2012-06-29,32.18393968480514,5.4244188280741295,59.41375828580633
2012-06-30,37.45818897432597,10.813056371507551,63.42659000812102
2012-07-01,36.5762883563927,8.176542960095114,63.09667424859298
2012-07-02,28.80995969695317,1.5194311233335,57.223017563871565
2012-07-03,26.032330948844468,-0.5899360688065344,51.34118967020452
2012-07-04,25.486430506054663,-1.1841525787173512,50.70900758856091
2012-07-05,27.587312625148456,-0.8859540653469794,55.32280209520791
2012-07-06,29.49345166692215,2.4874065942429624,54.87954595013008
2012-07-07,34.492786649257106,7.992749114609275,61.47748595523417
2012-07-08,33.39798821582675,7.271059264033632,59.33850162772372
2012-07-09,25.48568617515799,-0.39042496203022986,52.02327755880696
2012-07-10,22.639395419033114,-6.442201360124075,48.39107006946036
2012-07-11,22.102550391791233,-5.586851209813393,48.40765200167697
2012-07-12,24.29063035265203,-2.883892410490229,51.91343101992825
2012-07-13,26.35892047630971,-0.9728637953632608,53.44501306292979
2012-07-14,31.593890183639125,3.534276413257964,58.59032126449317
2012-07-15,30.79804334395984,5.141473469194129,57.68879513523741
2012-07-16,23.241079769197167,-3.916975602156295,49.87427175563827
2012-07-17,20.805312723000416,-7.230933998783663,49.11770205150627
2012-07-18,20.72352342534745,-5.138030293595543,48.634572359033854
2012-07-19,23.401352230363198,-5.331594583891143,50.01705698315019
2012-07-20,25.98167211089716,1.2803781390733533,54.46581140712437
2012-07-21,31.741519585358777,5.701345009963718,59.02395320058098
2012-07-22,31.46671481701403,5.015553373157877,57.16945944300854
2012-07-23,24.41510697302203,-2.9284958987077956,51.326585423371085
2012-07-24,22.464592852178228,-5.134151742783661,49.53301354633639
2012-07-25,22.83585800269936,-4.486005843231261,48.713234182123905
2012-07-26,25.925056002049743,-1.9012495568797303,51.3391673604343
2012-07-27,28.864771838619284,3.7375312679171335,54.781217163492535
2012-07-28,34.92643915418832,7.9484275309328885,60.68372683529987
2012-07-29,34.88462217947916,9.168095345110371,62.68582362429526
2012-07-30,27.992198205361223,3.202594678540232,54.63438387346541
2012-07-31,26.130795959254463,0.35639118749822024,52.64116109421045
2012-08-01,26.518212297404485,-1.2821123369604421,53.61320784276465
2012-08-02,29.551144564617147,1.8689629826475807,54.3034474735013
2012-08-03,32.36249113284239,4.92872619144602,58.34983428417853
2012-08-04,38.22899117727285,10.153856353228583,66.10276978348708
2012-08-05,37.924900528937535,9.524472733886338,65.14563736485506
2012-08-06,30.70884614990365,3.6635894663414734,56.161814045032806
2012-08-07,28.476428765629613,1.8846749357225114,55.04732510514093
2012-08-08,28.452075735405707,4.087760477034533,56.703673989824715
2012-08-09,31.041609176778557,4.890213805500623,58.53352171160747
2012-08-10,33.38569376041288,6.754946735251202,60.21660640243136
2012-08-11,38.772541076961915,10.465015081082806,65.03699215152822
2012-08-12,37.98085706058998,11.66903604135981,65.34130022327504
2012-08-13,30.278284362350554,1.6049668688522436,58.836936404839506
2012-08-14,27.57612496147583,1.0641766228346408,53.41033168762271
2012-08-15,27.10562526451793,0.5107125687454265,54.769096049181826
2012-08-16,29.280415781489925,4.058689279756251,56.01350735771426
2012-08-17,31.246180045908517,7.054671783246367,60.3015153296168
2012-08-18,36.29853286288107,11.585927681208608,62.6686536277134
2012-08-19,35.21538043309401,8.394931842319448,62.473675246701596
2012-08-20,27.26711919779129,0.763619047471716,54.958639078883614
2012-08-21,24.373669368120762,-3.5928589537600146,51.65820212294689
2012-08-22,23.765399945839068,-4.254384789945046,48.10532094320639
2012-08-23,25.855658412399205,0.33616433901255344,52.42745945205807
2012-08-24,27.786883817380765,2.0533373132274706,53.35848740400229
2012-08-25,32.85388031831756,4.801868288261921,58.73456205912352
2012-08-26,31.82580371556083,5.300921600437659,58.539902764564445
2012-08-27,23.96698955920631,-3.0928928662960846,51.97205746329107
2012-08-28,21.20076800181056,-5.74572769925418,49.44290026181359
2012-08-29,20.75020671350395,-5.301948824270159,46.42398972937193
2012-08-30,23.022789871490012,-2.95627017813078,49.02388558542038
2012-08-31,25.15398185325976,-0.3686453732176362,52.317196003469526
2012-09-01,30.433737521628732,4.596845097487488,54.92523399950916
2012-09-02,29.623687649392807,3.911211774047817,57.831269227779906
2012-09-03,21.985403693465038,-3.7433063751966036,47.916938010165985
2012-09-04,19.437957653855282,-6.730998354768841,43.19186612395635
2012-09-05,19.200024085230982,-6.869246023946421,44.8509192883213
2012-09-06,21.675932618175484,-5.267885621702859,49.91128757073
2012-09-07,23.998160023556263,-1.4565778914063472,48.950056669135954
2012-09-08,29.455508443776075,0.47413687328719556,54.19641025682582
2012-09-09,28.807036626816565,0.4193988494210917,55.52265953528628
2012-09-10,21.313960441623113,-4.993999265256956,48.72589328574844
2012-09-11,18.897885642785486,-7.642131549735653,46.48023326558863
2012-09-12,18.778072571638695,-7.261753232444024,44.87766532874186
2012-09-13,21.360511170951956,-6.408696479846824,48.0941212579916
2012-09-14,23.779180462062904,-1.5797912413682487,51.30028675548065
2012-09-15,29.325748561834104,2.5541101322548814,55.85945536110425
2012-09-16,28.76012269781293,0.7198258203785024,54.644195162654775
2012-09-17,21.345881272158362,-6.058180293307991,47.77960571676684
2012-09-18,19.00910114418227,-5.693553935463686,44.56468244185929
2012-09-19,18.970734587720884,-7.1288195722105785,45.75051865676267
2012-09-20,21.638685597431365,-6.397728536547447,47.534071791869195
2012-09-21,24.147845175650286,-3.0307797647344006,49.316278826973395
2012-09-22,29.79135058730753,2.4851669491488857,54.56541223675636
2012-09-23,29.327819229073587,0.8838854880511344,54.944311208764425
2012-09-24,22.020402659278712,-3.8140448546753,49.02380446704491
2012-09-25,19.796321112961383,-6.225250427024205,47.06730879105537
2012-09-26,19.874484007409688,-6.9603648903058595,46.022242271895315
2012-09-27,22.66071312686783,-4.197978300072357,50.645810178701154
2012-09-28,25.28670889004872,-1.9955825880225089,53.19794741948836
2012-09-29,31.04302859950694,4.693845622842166,56.61843735305181
2012-09-30,30.68316337280913,1.8513779810802538,57.21526112173079
2012-10-01,23.466367680853374,-1.334312606110903,50.69717387589866
2012-10-02,21.318044027681925,-4.300387009540307,48.788881589448096
2012-10-03,21.452734700860894,-4.062277694388489,50.07241192893023
2012-10-04,24.27260012715373,-3.5792583362552155,50.02656151660318
2012-10-05,26.905401424466216,-0.553802553213558,54.377793484856106
2012-10-06,32.63925706446693,5.018174605797152,57.53407246527767
2012-10-07,32.223594280172264,4.2690773336126915,59.91931643019453
2012-10-08,24.915756244029566,-2.4764461163355955,52.273296505978145
2012-10-09,22.642209362218587,-2.2531733719573688,50.06420310758835
2012-10-10,22.616849531327688,-5.166396226562704,48.07959745242207
2012-10-11,25.242651115033844,-1.486706268086532,49.35316963693097
2012-10-12,27.648555635380173,0.590483039228839,54.716609440848025
2012-10-13,33.12587410636374,6.598288319761398,59.96430471162901
2012-10-14,32.4259612689867,4.8519913418739415,60.578296592715795
2012-10-15,24.810434132737566,-0.8594897720165091,51.859790210550166
2012-10-16,22.213025723674082,-3.609626749330036,49.495943695693725
2012-10-17,21.8530248749003,-6.340200878407033,47.33157052152434
2012-10-18,24.13991529284138,-1.2213584241333522,51.982222715465845
2012-10-19,26.208995582128342,-1.4169722027169014,51.85271770452633
2012-10-20,31.35926333086645,6.505595788698392,58.88128459450586
2012-10-21,30.34766403064033,4.513637754786456,58.81086565816555
2012-10-22,22.442793090627656,-3.1755046121056796,50.53036836973724
2012-10-23,19.587292313457763,-5.530944732193595,45.2941275680849
2012-10-24,19.006347033213444,-8.133485156292833,44.35884154444566
2012-10-25,21.115268931354848,-5.469959261753168,47.75669441818005
2012-10-26,23.053832836357863,-2.9816896702826585,50.85948964016879
2012-10-27,28.125660409770912,1.1424016652698388,53.27049207422889
2012-10-28,27.08909410029082,0.03693019680990406,54.5816215952887
2012-10-29,19.214464193952214,-6.861282682242671,46.55704161209629
2012-10-30,16.44713913167602,-11.383091867232558,41.98235384130318
2012-10-31,16.011217998104758,-11.457188745557588,43.35539306177142
2012-11-01,18.32021837441278,-9.54992028610326,45.91593099557011
2012-11-02,20.51031032061119,-7.603884961320835,46.62210888888928
2012-11-03,25.881394555145892,0.10193190553410555,53.23524880786962
2012-11-04,25.18480581229741,-0.10833999307016909,52.70980682694425
2012-11-05,17.684353186068197,-11.034984074805697,44.24947139935681
2012-11-06,15.320231124006666,-11.13234521438653,45.17287686814003
2012-11-07,15.308107130557019,-12.705247669515515,40.89485159679413
2012-11-08,18.053102017940482,-10.146262636883407,44.61144377448575
2012-11-09,20.682091202591383,-4.377946954734687,46.588604155135656
2012-11-10,26.486625570500898,-0.7150279697094775,53.95697631443614
2012-11-11,26.207586543650354,-1.558408937174237,51.60295787439807
2012-11-12,19.100092846163637,-7.063049341245501,46.184153157940955
2012-11-13,17.09833360973461,-9.684660573835894,42.95181092495218
2012-11-14,17.410079360942397,-10.519880709329984,42.62583055246961
2012-11-15,20.43394858801884,-7.016769934152277,45.40704712204382
2012-11-16,23.290736237269762,-3.7533315373788927,50.091361323510704
2012-11-17,29.268104139126162,1.3525427349550856,53.86770100080355
2012-11-18,29.102083538408934,2.6650744484197655,57.30341181607487
2012-11-19,22.04571562466383,-4.327761795696044,47.968565895673535
2012-11-20,20.034649125700973,-6.963211258605955,44.61065445196348
2012-11-21,20.27689608249921,-5.452726965811523,47.27986349543398
2012-11-22,23.173189985291486,-3.929224262808778,51.33223331079011
2012-11-23,25.847135502469637,-4.253592377552979,52.96250454397761
2012-11-24,31.591456574205086,5.206957068293636,59.052015175827876
2012-11-25,31.146134008941967,4.413318801258114,57.598128856908176
2012-11-26,23.770572274446554,-3.850450073737755,51.998544385400194
2012-11-27,21.409764204803402,-6.199011636513367,47.781627349069865
2012-11-28,21.27910924641368,-6.081028206068606,48.16371082214575
2012-11-29,23.78770040359941,-1.4540565882192569,49.96983425397765
2012-11-30,26.067155945056854,0.24679839055167993,53.188282562809455
2012-12-01,31.41931271564559,4.36601000434189,57.89560149989707
2012-12-02,30.590915724760404,4.637501762827048,55.90636231153412
2012-12-03,22.84925927816655,-1.0562666841975605,51.08995012360323
2012-12-04,20.1488989819001,-8.004392108291512,46.860374549801215
2012-12-05,19.711544850109963,-7.795790393064705,46.61348489033451
2012-12-06,21.952320924165292,-6.001437601049787,48.40490782630403
2012-12-07,24.00735275182965,-2.6734348612325176,51.81435004697534
2012-12-08,29.18300734551387,1.251778566609425,55.07260153148371
2012-12-09,28.227260841324465,-0.674873231936839,54.1335676035829
2012-12-10,20.408961122800314,-7.408150160136118,48.76322613256045
2012-12-11,17.68525127580899,-8.918075571066197,45.65739066968079
2012-12-12,17.276714271316884,-9.07938311205828,42.33770168789199
2012-12-13,19.596789834846497,-6.113385006554605,48.270410986663386
2012-12-14,21.778305323142234,-6.1181149105102515,47.8373984903854
2012-12-15,27.12444819522594,1.5354887439154696,53.65872337735293
2012-12-16,26.376991181730933,1.4671554198138332,56.69396388048431
2012-12-17,18.79934500530169,-7.44164753747166,46.29696929605576
2012-12-18,16.34484702230895,-10.894871221169165,44.73188283980005
2012-12-19,16.227292787174974,-11.848485453137643,44.08448549177009
2012-12-20,18.8536240580437,-9.79604723265448,45.93324567504924
2012-12-21,21.349493129270616,-5.745214606083674,45.82674221919164
2012-12-22,27.01203243010024,-0.6841888269901436,52.79707340726065
2012-12-23,26.574975302938558,-1.984061738221953,53.00954811393337
2012-12-24,19.295510236229145,-7.52701415759167,48.315810246638314
2012-12-25,17.123419846431624,-10.727318434030865,42.97213101273451
2012-12-26,17.266959258018947,-9.934710102825917,43.36221353301285
2012-12-27,20.12875187889294,-6.30779930608727,46.950854421301734
2012-12-28,22.830302806931797,-4.000838251307138,49.061345387301664
2012-12-29,28.666462940340843,0.9307602366198041,54.9216659307259
2012-12-30,28.367327779684313,1.2070599599456904,53.92035386801871
2012-12-31,21.188764230890904,-4.432299809277062,47.62202398252661
2013-01-01,19.082263233734988,-7.804807491776344,45.68611978023188
2013-01-02,19.256024383728917,-6.493533511919865,45.86991806481315
2013-01-03,22.113918892561703,-5.061615987803523,49.34208576182143
2013-01-04,24.77881503807791,-3.499656644877971,51.46911947851311
2013-01-05,30.548606858465114,5.400940175633501,56.04827381792756
2013-01-06,30.15477122740123,2.4803097185492122,57.32052948824418
2013-01-07,22.856460435531588,-3.137825806763858,48.69024122080927
2013-01-08,20.610976921212416,-7.685503909035514,45.637799066754816
2013-01-09,20.62998962689478,-5.4455947221548,47.4062706225567
2013-01-10,23.321507924787873,-3.477725901897164,50.345156195571825
2013-01-11,25.81198187333909,-0.034591818569940674,52.250579220748286
2013-01-12,31.403877379633528,5.21666195890696,60.47555485766717
2013-01-13,30.830892151878576,5.0013161114476,56.67811095268117
2013-01-14,23.355632472164533,-1.7028889362159,49.75677259158644
2013-01-15,20.94074487665428,-7.112920187062921,46.8234208265475
2013-01-16,20.800313746162505,-3.6556164963195017,49.75240037094791
2013-01-17,23.344908230039543,-4.217916695460203,50.190097916375684
2013-01-18,25.702529492676163,-1.2532500611526205,53.96752809564359
2013-01-19,31.177812113841615,4.195614259034758,59.23007144749948
2013-01-20,30.50398361208071,5.38848727717784,55.560967109272795
2013-01-21,22.94421235029688,-5.402836860113588,49.69813099175036
2013-01-22,20.463482745700123,-5.987583930209389,47.774551558636574
2013-01-23,20.27525784977767,-5.849236111463878,49.88710939183297
2013-01-24,22.78967794935218,-4.343728812966541,49.94982245213079
2013-01-25,25.133426428869164,-2.1603665502179172,53.69279234225008
2013-01-26,30.610620327798923,3.6810079200603645,58.667921302683254
2013-01-27,29.951566355135373,1.7018703260486572,56.89360929300175
2013-01-28,22.41782194209078,-4.68183161580992,47.99859546024982
2013-01-29,19.974844580635768,-7.787496346055042,48.043742672038526
2013-01-30,19.833938462100882,-6.730326355831744,46.436641297071816
2013-01-31,22.403612560783916,-2.9933698339827592,49.88811589388178
2013-02-01,24.80836227410213,-3.3457219821737834,51.3911527051185
2013-02-02,30.351236592322344,2.831181878305651,58.199276160838465
2013-02-03,29.759369559087528,2.801895767222132,56.33354270323639
2013-02-04,22.292726348148154,-5.075713209082976,50.13937225974358
2013-02-05,19.91749310833679,-7.736653980520483,46.208978529621895
2013-02-06,19.843270211057156,-5.788868433075386,47.58965835204923
2013-02-07,22.477550242063458,-3.693167948274693,49.39131616822593
2013-02-08,24.94337538885463,-2.64909723615441,52.5626134409147
2013-02-09,30.54354231311622,1.7779625744536416,55.69240452785174
2013-02-10,30.00287269896066,0.26474219920144293,54.873279579966024
2013-02-11,22.58061178367976,-3.495767448370469,49.096504517729166
2013-02-12,20.24453093245253,-5.871026633497775,45.54593676562179
2013-02-13,20.20334525428722,-6.921185554036763,46.36779925645011
2013-02-14,22.864295262136324,-4.464203883352001,51.03187468564434
2013-02-15,25.349669914107768,-1.3601577243168481,52.168452039506136
2013-02-16,30.962645272477786,4.225898935754069,55.29529734589537
2013-02-17,30.426295795879295,3.194249686976336,57.83633034244024
2013-02-18,22.999652089737978,-1.0502863681885337,49.64980557804377
2013-02-19,20.652527134436237,-7.916493826407069,46.273607027680626
2013-02-20,20.593172616371586,-5.343265465265363,47.88088181381849
2013-02-21,23.228980510904787,-3.7641160892133523,49.0322813498697
2013-02-22,25.681889081772816,-0.8444724625223817,52.141671216338246
2013-02-23,31.255871945006014,7.466821714801277,56.85595544078625
2013-02-24,30.672705691850936,4.08607618369914,57.51674543164988
2013-02-25,23.19169932180451,-2.482296023630535,50.557280107905726
2013-02-26,20.785253197098985,-7.47020810974218,48.70727406822897
2013-02-27,20.661758796511982,-7.754913742588365,47.693764115390856
2013-02-28,23.229419708174394,-6.308343489739381,49.356485175142886
2013-03-01,25.610534770497235,-0.7467903186543827,53.315557922317275
2013-03-02,31.11062635883921,5.304759523462311,57.18800746199809
2013-03-03,30.45094771340781,3.422307092588407,57.83440797595898
2013-03-04,22.89186267429285,-1.5491887673255578,48.54439162515802
2013-03-05,20.409111796278154,-5.756177576499209,46.57222383215449
2013-03-06,20.21192671684174,-6.889398416951538,45.877342829686484
2013-03-07,22.709939623428834,-2.958087118020954,48.283998156523744
2013-03-08,25.026311744351382,-2.6301663503597474,52.62201971959965
2013-03-09,30.468469590358296,5.149603049698216,57.22663478340883
2013-03-10,29.757322678798307,3.0383176306421418,55.654857390000394
2013-03-11,22.15426765656745,-3.4457903303204387,49.42999934071643
2013-03-12,19.638140433382773,-7.515923564594826,46.374725737947216
2013-03-13,19.418530057985027,-7.830353896064694,46.219160521814864
2013-03-14,21.905768684662334,-2.887167114651704,50.030838471158425
2013-03-15,24.22290544726042,-3.2358491452661218,50.11388025611068
2013-03-16,29.678059314203402,2.8418153464539055,55.87636048597402
2013-03-17,28.990364815439005,1.3571941626245614,56.434407316376394
2013-03-18,21.420627110486148,-5.2065409361559105,47.811454812655604
2013-03-19,18.94899531807691,-8.734006597171525,49.11555641720308
2013-03-20,18.783519033366858,-8.664805187724236,44.72930179458832
2013-03-21,21.333268889347,-3.0532181112736287,47.517474821172186
2013-03-22,23.71921157666829,-4.32286269174249,49.96190307692411
2013-03-23,29.24823917398426,1.1604910559576653,56.35571746431992
2013-03-24,28.635905043307137,0.9849717738872786,55.0852018485568
2013-03-25,21.140792342495978,-6.518896243237205,48.65932164370133
2013-03-26,18.74296930032752,-10.28107292090837,46.2835782995104
2013-03-27,18.64784524217159,-5.574197892974235,45.753043869601804
2013-03-28,21.262472625850187,-5.421679675397494,46.458633843368254
2013-03-29,23.705366087724123,-1.5810177653255306,49.7777618266392
2013-03-30,29.282241287772717,2.996133443054356,55.774920957887346
2013-03-31,28.70556256596742,1.1413313227391102,54.29729470655652
2013-04-01,21.232633739918818,-5.572396034213962,49.33524513514773
2013-04-02,18.84483046324285,-7.7396118016195485,44.646572125136515
2013-04-03,18.746736646218633,-8.156293519014831,46.69400578677097
2013-04-04,21.345594486356095,-6.049394599892654,48.581023827527716
2013-04-05,23.760020036769298,-2.8492500677910635,49.87159271589622
2013-04-06,29.29739084228948,2.795821329390811,54.9376459347339
2013-04-07,28.670132673748153,0.8227349734177523,54.58415139270754
2013-04-08,21.137449660623773,-5.9502567837375215,46.631975442838424
2013-04-09,18.685242604743376,-8.754282743559331,45.44218305311883
2013-04-10,18.520428923062,-7.802567492520408,43.74233560161983
2013-04-11,21.053440770528177,-5.509805409678103,50.37013458349081
2013-04-12,23.405737120405522,-4.4398975388677755,49.72317105941743
2013-04-13,28.888743119200466,2.719757354562703,54.838517977469486
2013-04-14,28.21678483586728,1.6533055353979087,55.25354050763783
2013-04-15,20.652376742218195,-5.658662940367692,48.034234198441624
2013-04-16,18.186755829820015,-8.923138395928188,45.225618723975956
2013-04-17,18.029329502890665,-10.121058955818166,43.74350957381004
2013-04-18,20.593182998354404,-5.931129431941568,45.428879210873674
2013-04-19,23.001367862150822,-5.202507117197154,49.74893344639075
2013-04-20,28.567392929881304,1.2392750593068846,55.52010845337661
2013-04-21,28.00482794093243,2.1256272486731818,53.78188325223914
2013-04-22,20.57619018747477,-4.477219798164023,46.86771172519841
2013-04-23,18.27415715075462,-9.288748580743624,44.93639745879909
2013-04-24,18.306224787434356,-7.774057314099161,45.811477195529065
2013-04-25,21.083324765821008,-5.749652335827902,48.302289284711044
2013-04-26,23.72500583377203,-3.0031642194278905,48.44261096698994
2013-04-27,29.541606105750724,2.3937638624704496,55.72312070930202
2013-04-28,29.240665200556897,2.554900754159555,54.909289657522415
2013-04-29,22.079556106607146,-4.112439519094684,49.33608414434294
2013-04-30,20.047524778473022,-7.368781775388276,46.90942580976126
2013-05-01,20.34570560288855,-7.100986233052887,44.62663595798449
2013-05-02,23.378989337824127,-3.4835342675084413,51.0341111146156
2013-05-03,26.260228188599303,0.7932598552454955,53.52264117470114
2013-05-04,32.29420612475198,5.0751373611859965,58.346937168634234
2013-05-05,32.1809584209443,2.936639628783917,59.064936431934115
2013-05-06,25.172226412526037,-2.0447280829363583,52.375447361057496
2013-05-07,23.254377653742605,-2.7289157085746893,47.22948660911054
2013-05-08,23.62380581614178,-1.8803686281685768,49.208602400460606
2013-05-09,26.682048628344116,-2.1012411755541467,53.954247990158535
2013-05-10,29.538987132624914,3.374720408191442,57.96120934033083
2013-05-11,35.498555584408734,10.165716011086866,61.85388104310058
2013-05-12,35.25888173791277,9.557672693669778,61.52467256978742
2013-05-13,28.07245113050593,2.2789507551765418,55.855740037453096
2013-05-14,25.929770027371454,0.9143403101764266,53.4387864572529
2013-05-15,26.02999058438581,1.843292229071382,53.84853402699053
2013-05-16,28.77910191995747,1.3300859074863873,53.78777517951863
2013-05-17,31.29193325335866,4.880467343663798,58.38498153809296
2013-05-18,36.87940440663104,11.050900980684737,66.62404593944977
2013-05-19,36.24528427620805,8.622850297542753,63.37105640528546
2013-05-20,28.649863835997394,2.2209349772700144,52.980998761818356
2013-05-21,26.094168212712308,-1.3323092308738795,53.982563571129084
2013-05-22,25.78562595376452,-0.9559969665314985,53.3941672246909
2013-05-23,28.13916969295545,1.7462306648842654,52.687693839493654
2013-05-24,30.27790202061489,4.3437240477303485,55.751262215315386
2013-05-25,35.521772094916514,8.028963115247283,61.930122210720384
2013-05-26,34.58086810856212,8.674131230103525,61.15035524245811
2013-05-27,26.722548029927946,0.4469560314465706,51.974826189667944
2013-05-28,23.956185118944546,-2.786540045055229,52.669018847644914
2013-05-29,23.493902077297832,-2.70638684960095,48.70327485661839
2013-05-30,25.754638780176315,-2.566201150813077,52.58547746972092
2013-05-31,27.863574298496278,2.221131839869701,55.16080964942299
2013-06-01,33.142357269852546,6.672727025209963,59.31758701193933
2013-06-02,32.299091580522706,3.8239754458874646,59.153885646494096
2013-06-03,24.599112089360478,-2.0152441965348227,51.368890789135946
2013-06-04,22.050474501699913,-3.9360413657859556,48.79283941147016
2013-06-05,21.859983939445033,-4.881307566562604,49.576772499491945
2013-06-06,24.440472267029623,-0.023903706269182205,51.29380802055209
2013-06-07,26.909225719237735,-0.8467963400145897,54.468709725312785
2013-06-08,32.58001906722691,7.8003656780644475,59.96400790978793
2013-06-09,32.15003867548794,5.96148772797916,60.31810628238757
2013-06-10,24.87453508676389,-2.1380659015997177,49.66343892063024
2013-06-11,22.753270709410348,-3.3166636941022576,48.79058100603204
2013-06-12,22.98203200193906,-2.398872752924378,49.408616702351566
2013-06-13,25.96327617569159,-1.9466878813673674,53.65587861836876
2013-06-14,28.803690247632844,1.0015760544537962,54.43260844567695
2013-06-15,34.80811716017412,8.679266717431426,58.82159567315709
2013-06-16,34.66346400738244,7.355168165657929,61.68024293583641
2013-06-17,27.617237111522815,-0.5513414442609612,54.75872242617777
2013-06-18,25.664910335425482,-1.1285652529844346,54.14555886960114
2013-06-19,25.99684152024096,0.2995308984342859,52.25550515208857
2013-06-20,29.01216831129455,1.2500701295348238,56.2615985082503
2013-06-21,31.81534031903761,4.03645830404228,59.32844643432887
2013-06-22,37.711744405624266,9.730473323364052,66.27560189748212
2013-06-23,37.388375436879016,10.198516494886693,65.03684370655294
2013-06-24,30.096006719278304,2.6288369740097473,56.565794075079786
2013-06-25,27.837213473734444,1.8427454882402106,55.60290391628952
2013-06-26,27.808416241915708,1.4082947383324864,52.181181319426976
2013-06-27,30.416743787994857,3.0669764671166195,56.743671521091215
2013-06-28,32.775258663183564,7.898795554770317,57.85352048999343
2013-06-29,38.20001143908075,14.2669379388768,65.17981930965209
2013-06-30,37.38722018635966,10.156545286237083,63.46296466415688
2013-07-01,29.598845448071565,2.356037771171468,56.301326265913694
2013-07-02,26.851067023069646,0.42255205353256453,52.78073721681012
2013-07-03,26.351286742340292,-1.7794607351166267,53.29342749749207
2013-07-04,28.517829522913928,3.206205972254787,54.2967367592365
2013-07-05,30.473775529349535,3.522584906470381,58.399178474231775
2013-07-06,35.54540103352793,8.444877210856419,61.53509880388047
2013-07-07,34.435870014809744,7.173013591113638,61.50772602775412
2013-07-08,26.414262833328543,-1.0353611304906374,51.61907840402843
2013-07-09,23.504600127416314,-2.506012119816732,49.923770779016785
2013-07-10,22.917941123099887,-3.748568756400668,50.59778845174427
2013-07-11,25.07509798300343,-2.127285164400715,52.20562831768051
2013-07-12,27.099284296782272,-0.2812946822786159,54.46175425659658
2013-07-13,32.31618160191698,6.447298320521933,59.12789709745121
2013-07-14,31.42440539589939,4.242424205138959,58.22477225037053
2013-07-15,23.68826640828306,-3.489659459590657,50.339940325289
2013-07-16,21.127630044411383,-6.442201906453095,48.67743803930823
2013-07-17,20.945400878288723,-6.211688160332677,45.75552333064648
2013-07-18,23.553535798529307,-1.741510793161794,50.60681352202749
2013-07-19,26.06478196188188,-1.2995621584710546,50.924260160838074
2013-07-20,31.794622853487002,5.638653582688407,58.13134621996556
2013-07-21,31.42874696211345,2.6292703411534473,57.91458471415197
2013-07-22,24.21973858227461,-3.480322792727461,53.64036913152163
2013-07-23,22.177933554765527,-5.265373384761237,48.666167210359596
2013-07-24,22.49441060404749,-3.9679250004883215,50.567922269388816
2013-07-25,25.57038100201593,-1.6445610208405939,54.31018190974598
2013-07-26,28.508049038378545,2.5470641241791494,56.66252110956629
2013-07-27,34.614425449861066,7.731316331864575,59.57688430198746
2013-07-28,34.56574198255641,6.909351691123493,59.85248268841507
2013-07-29,27.60797211933483,1.1495384169220024,53.948586227815305
2013-07-30,25.748543560611893,0.2517715965372626,52.437204721277254
2013-07-31,26.174660798521312,-1.6454170588791355,52.20559190751097
2013-08-01,29.28586445012046,-0.2927367560369422,57.33394583168025
2013-08-02,32.18378174550378,5.69932332651789,58.28525658777886
2013-08-03,38.17755539060114,11.395605044707231,66.0300609630342
2013-08-04,37.94493931521125,11.918418981173726,65.54329427801642
2013-08-05,30.736378801937473,3.278829233044883,59.08274618324908
2013-08-06,28.567310392485638,1.5467763699540746,55.4162057948554
2013-08-07,28.631554523753792,0.8255197508073284,55.924553504871675
2013-08-08,31.336798132047893,4.613636632230157,56.913330035945066
2013-08-09,33.793009729103346,7.104235473781431,58.514536684677225
2013-08-10,39.319284783795865,13.11177205465028,64.32451416198374
2013-08-11,38.60145504631487,13.545214487102367,65.20317187124951
2013-08-12,30.899595679757606,4.671624618887247,57.521486536697374
2013-08-13,28.240818311575236,1.66965045874317,52.693613973010365
2013-08-14,27.82767941307061,-0.10688278305782119,55.40127069844342
2013-08-15,30.076572610272095,1.619520805511464,57.389137188672365
2013-08-16,32.10483515700093,3.938468839781138,60.15118010385013
2013-08-17,37.23907562211208,9.372502552667545,66.05865341518997
2013-08-18,36.16939907577244,10.477118757903177,67.30643036905259
2013-08-19,28.160476610272784,1.7834595826777009,55.85615270923114
2013-08-20,25.24499575133938,-2.4461702082437897,53.35692041143891
2013-08-21,24.627272648394946,-1.7335397540253064,50.417628368472805
2013-08-22,26.72476045051144,2.533363091003171,52.41481152718537
2013-08-23,28.65406585939898,0.4255459680610317,53.724794937311465
2013-08-24,33.740983902385,7.656378609868538,61.017392130549
2013-08-25,32.671563578568566,6.686112821645352,60.58566350645299
2013-08-26,24.706958004091994,-1.3564343957410847,50.690389461213684
2013-08-27,21.877738157310755,-6.444433405011391,48.297153602696
2013-08-28,21.382897134578457,-6.523282222387627,47.87638291350931
2013-08-29,23.634640257905176,-4.045520667515244,48.82393974502998
2013-08-30,25.743450636242326,-0.735651572834663,53.46739248103912
2013-08-31,31.02993989205388,4.261327108536396,57.194133510695224
2013-09-01,30.172830662338892,-0.6811344843003582,53.85520665263817
2013-09-02,22.42762984758333,-5.148477836118951,47.39070851688495
2013-09-03,19.821813807465237,-6.552672377090642,45.69535319526729
2013-09-04,19.549198987630415,-5.759722639032407,45.65380294647555
2013-09-05,22.017955773363,-5.421352547472222,49.1339006481787
2013-09-06,24.334635216457162,-1.399599078136482,51.389182498139384
2013-09-07,29.817721281288268,3.0852406370879346,57.56523139963408
2013-09-08,29.142393169004432,0.10335275693837931,56.434986638971615
2013-09-09,21.562866636745532,-4.302149182071346,48.64823079794169
2013-09-10,19.108282668029585,-6.99778435404683,45.87780039109623
2013-09-11,18.972268918376773,-6.160059008938014,45.649965971086395
2013-09-12,21.563999703438196,-6.139103913556087,45.141826855284506
2013-09-13,23.99100972013235,-1.7913531082186072,50.48503002025872
2013-09-14,29.574282404668917,3.3525292627511947,56.02080480835306
2013-09-15,28.989640426589673,1.7600992415097767,55.87659864768971
2013-09-16,21.493621693150697,-5.484442004884284,48.34491726185207
2013-09-17,19.119960283719777,-6.437698888082047,46.48781345220927
2013-09-18,19.064252868634558,-6.221359891411849,47.5103265724241
2013-09-19,21.738006733620576,-4.6385962838759065,47.75315320391972
2013-09-20,24.25021165678524,-4.58202007549973,49.3884958816702
2013-09-21,29.923965401953417,2.990636104287671,55.495445459530856
2013-09-22,29.434522947691942,3.4043573092590056,55.579722884961164
2013-09-23,22.038766057475932,-3.8119844570799994,50.641871539163695
2013-09-24,19.772361583341066,-8.180280264331964,47.283743900848336
2013-09-25,19.829641300056306,-5.2310710372918185,46.40053165196074
2013-09-26,22.620766149362133,-4.883475019741327,48.412234382046066
2013-09-27,25.252200007587415,-2.712559477814329,51.108654886704635
2013-09-28,31.045026941104894,3.878050273245619,58.31788657898215
2013-09-29,30.669819704246134,1.0522654343001077,56.76254893674857
2013-09-30,23.379864154682558,-4.07658898937025,49.59186051564493
2013-10-01,21.209151769428164,-5.442443407658199,46.87165668914121
2013-10-02,21.347620253176302,-5.226095996253631,47.544665730335154
2013-10-03,24.201567117928644,-4.094492977257739,52.3283622804803
2013-10-04,26.87313986992183,1.2701058025927054,51.456097417423685
2013-10-05,32.68043721255906,6.339319978628976,59.30374128596279
2013-10-06,32.28926352716343,5.210873098594271,60.96173962871262
2013-10-07,24.95014705500116,-0.9722648309934159,51.19894145403598
2013-10-08,22.697176240851743,-4.368814772236031,48.523946959933085
2013-10-09,22.718580778890992,-5.157971054130049,49.95600990589021
2013-10-10,25.420344542249875,-2.4655492571826865,52.69759702968227
2013-10-11,27.90463371622736,1.242840450200416,54.766083262171215
2013-10-12,33.49157699995681,6.196764610014307,61.02034658312186
2013-10-13,32.84777749493781,5.418961869192754,61.26975756443226
2013-10-14,25.22697602211326,-2.2151217894557145,52.6881456127532
2013-10-15,22.66956676041453,-4.511747413352322,50.95159902937883
2013-10-16,22.36834298924415,-4.842958165134725,48.47021413449271
2013-10-17,24.735127480453592,-1.3284994233176002,51.01738826015639
2013-10-18,26.8779557896668,0.8209476001564852,54.25162634622219
2013-10-19,32.12435712932976,5.245173927213863,59.91647062727218
2013-10-20,31.14645503499754,4.382827385410661,58.24091948107793
2013-10-21,23.20512190896081,-4.106353158940563,48.277143216450916
2013-10-22,20.35003939924864,-5.6111811835189505,48.20485144778967
2013-10-23,19.780497754344385,-6.680341323042154,46.51790331559207
2013-10-24,21.914959543094692,-5.89612712749475,49.33749474299043
2013-10-25,23.866943660406676,-3.7445355126292688,49.81836006707724
2013-10-26,28.96978403988476,0.33912036677096824,54.8355895497604
2013-10-27,27.898328921638765,0.7947613518183025,55.17632404443233
2013-10-28,19.91662923586304,-7.500042045347052,45.59157292986237
2013-10-29,17.07861834190207,-9.798389168471195,44.889453488354995
2013-10-30,16.58406993957912,-10.216971960810177,44.77144857999979
2013-10-31,18.85122785138348,-8.453346745628842,42.95647481097305
2013-11-01,20.991547945889188,-8.42821195632006,48.738528089829494
2013-11-02,26.336112347170236,-0.48540433687431594,53.779564732574634
2013-11-03,25.554120814453636,-0.9245792738666757,51.76418512824519
2013-11-04,17.90431727099288,-8.396854822160934,42.75748838323297
2013-11-05,15.436498624605672,-11.981079197522995,40.791030843058834
2013-11-06,15.342840824595466,-12.711402432454896,42.55545480540846
2013-11-07,18.033798594380652,-8.582158965155555,43.548823352027796
2013-11-08,20.611898027067102,-5.482273736473811,47.01884467089724
2013-11-09,26.39998276265481,-0.3393791519975821,52.74994053260488
2013-11-10,26.056652942778395,-0.4853456386075177,53.13114764798592
2013-11-11,18.831560168840962,-7.610221226197088,44.64451163168946
2013-11-12,16.767847006037677,-9.691293690336591,43.56654848466855
2013-11-13,17.048911364172074,-9.089183763900515,41.14843945348691
2013-11-14,20.07761302967422,-4.7625249158836285,49.111794552649634
2013-11-15,22.949119433693593,-4.281360650990472,48.74529589370518
2013-11-16,28.980951840818417,3.4421645523502455,57.810379265465066
2013-11-17,28.82530627075739,0.420018046681947,56.54894712252722
2013-11-18,21.728119318532794,-4.753933087840722,48.94668004804324
2013-11-19,19.73231134816453,-7.021907831736322,47.74786263596347
2013-11-20,20.019836077076608,-9.848177135657286,47.00911261246227
2013-11-21,22.99401863785392,-5.81543212001528,50.775237088474
2013-11-22,25.75126164244535,-1.169329184128548,51.82678964437227
2013-11-23,31.61268588382211,3.470324519623932,56.27379757886517
2013-11-24,31.23312039384044,4.226823887790404,58.466168203513746
2013-11-25,23.86372441475805,-1.9160009041110078,51.79128447054902
2013-11-26,21.555823158774007,-7.272869003890771,48.34622776554254
2013-11-27,21.498040396112067,-5.121922521428541,49.1191068058231
2013-11-28,24.10157983440907,-1.0021817067482113,50.74692374891165
2013-11-29,26.47062191374761,-0.6403666537001425,54.3925222517349
2013-11-30,31.935412194775274,2.86980690084421,56.542223311079425
2013-12-01,31.157800176274968,4.384840396914518,59.86409303072658
2013-12-02,23.397325880386475,-3.4633229959474265,49.46806007149101
2013-12-03,20.715587760720243,-7.266457338761582,45.51450339441946
2013-12-04,20.308430254471162,-7.021904668826706,45.31992548363872
2013-12-05,22.59417285207956,-5.330806938085132,52.540747952812836
2013-12-06,24.682734100294805,-2.2379133631434245,52.16678740971572
2013-12-07,29.910234786272646,2.787797190872022,57.14196355329592
2013-12-08,28.94118107788914,2.8171787338075887,55.19478839923962
2013-12-09,21.038137052858588,-6.236760405090761,48.52763609251978
2013-12-10,18.266768270627136,-8.532710337718633,45.343487941835605
2013-12-11,17.823246205178815,-9.324211746177582,44.51179236136953
2013-12-12,20.12560046940937,-6.4168456857890614,47.518752752548245
2013-12-13,22.28175476711488,-5.018957923892971,49.1650184393273
2013-12-14,27.62583383701354,1.0446494837981495,53.31101336190468
2013-12-15,26.817179477522036,0.5033136759776894,53.14357354482524
2013-12-16,19.11379203558375,-7.945190517053984,44.667561741738126
2013-12-17,16.57822293790366,-8.472835687648894,44.77928634912512
2013-12-18,16.40035524082952,-9.985175852832178,43.135147110881135
2013-12-19,18.992020497757096,-7.2202406550677605,45.23529298347236
2013-12-20,21.45406722487352,-5.034063394659021,48.92174434154123
2013-12-21,27.114468690748676,-0.2776117671577619,53.66384439315289
2013-12-22,26.624243551774804,-0.9992625859478045,53.326574757353164
2013-12-23,19.23471149839901,-7.426451326638769,46.187571792976485
2013-12-24,17.00425297196181,-8.956685653375386,43.93600067704147
2013-12-25,17.11645736724623,-10.899207425063654,43.708666389442925
2013-12-26,19.97797036435428,-5.630903456320409,46.27221912660832
2013-12-27,22.68453664706984,-0.8054705967446608,50.22636545429718
2013-12-28,28.560828419076955,1.5731105619289905,55.26340762868568
2013-12-29,28.25317141534228,3.4061518765338232,55.26323938091928
2013-12-30,21.010499526626145,-5.282370490485896,48.87133833509188
2013-12-31,18.891854080474534,-7.142246862109893,47.169521053788664
2014-01-01,19.079763360118495,-6.922032010270304,46.25300876452624
2014-01-02,21.981179193365442,-5.805347659120691,49.463750245548944
2014-01-03,24.692351696230165,-0.8463541932939563,52.103092685559346
2014-01-04,30.540239019253956,3.7509064678909887,58.664175075276404
2014-01-05,30.17190551916342,2.979999681968411,56.58753873977462
2014-01-06,22.83905168257635,-1.8350234994276646,49.44384333272078
2014-01-07,20.60614170941708,-6.345674045608063,45.04794492613378
2014-01-08,20.658917938735534,-5.026962511860566,45.85113103032461
2014-01-09,23.408347075343006,-1.6396605315976134,47.311213312803964
2014-01-10,25.954265529415217,-0.023384692334692623,55.7631027539469
2014-01-11,31.628327996053102,5.518966996981614,59.28041461627226
2014-01-12,31.080054701916403,3.7995281175500684,58.676606351536684
2014-01-13,23.56493258352454,-2.6482452660592646,50.33296693951943
2014-01-14,21.153185373766625,-2.788344955088218,49.59798378017749
2014-01-15,21.033454106317407,-7.619805425211292,48.52112873537644
2014-01-16,23.61979942114781,-3.0502047785840967,52.11988640898987
2014-01-17,26.0141771505518,-0.8740895329505769,52.563026470063974
2014-01-18,31.550996246190742,5.039318527952785,57.5495354079775
2014-01-19,30.879893929471216,3.487928720420471,57.51878872671908
2014-01-20,23.257492597320354,-2.817488941485325,50.35333304515393
2014-01-21,20.756899824930326,-6.024933247832458,45.62471512136152
2014-01-22,20.566642644771473,-5.8627875951627795,47.604687535154255
2014-01-23,23.10081137983147,-3.0884553799437104,50.50692564179784
2014-01-24,25.46044634686764,-1.5175468546641409,51.11426549435345
2014-01-25,30.979779354424576,3.823631615005357,55.97763051015486
2014-01-26,30.30580257754388,4.572526698600663,56.97416008099725
2014-01-27,22.693737218791533,-6.2055686204006575,49.610558994653225
2014-01-28,20.21730863029531,-6.49445817798611,45.581559993666765
2014-01-29,20.062968152012125,-7.131442381489345,47.71819133075354
2014-01-30,22.643200611429197,-3.2518526811079673,49.24038510256403
2014-01-31,25.056832816809425,-1.9302433022030014,52.61222407428088
2014-02-01,30.63695836779705,3.705939270443795,58.99956805533317
2014-02-02,30.02728994830333,2.3901875931734047,56.99796187240303
2014-02-03,22.48132050815195,-3.8950855218487357,48.87311638774126
2014-02-04,20.073346776250172,-7.5859292596234535,46.72866951215718
2014-02-05,19.987945967392125,-7.224835692833529,45.55635948455375
2014-02-06,22.636409958754445,-4.813118060559446,48.66417747409461
2014-02-07,25.115936016951657,-2.6631760888612024,52.11985682044047
2014-02-08,30.759194488458707,4.769338489786628,58.16132954898861
2014-02-09,30.20742482322793,3.3857297631248073,56.31517210655798
2014-02-10,22.71325182422477,-3.056331217131744,49.063014825944414
2014-02-11,20.35242362286867,-5.633086999125187,46.94515288821977
2014-02-12,20.30851393696322,-5.5952161568666225,45.71253914688694
2014-02-13,22.9924590306839,-3.982318777010131,51.8605000320266
2014-02-14,25.500612746890457,-1.0625848031853344,52.67101181738546
2014-02-15,31.165945364332117,3.193694716426904,58.097594430513425
2014-02-16,30.62787781636013,4.8544208564209885,59.767081021983884
2014-02-17,23.13875333621752,-4.200424178937876,49.501588858855364
2014-02-18,20.77629551571106,-5.117860089485052,46.09363654584668
2014-02-19,20.723546235721876,-6.688372822994781,47.554777965914525
2014-02-20,23.391519053021028,-3.8224564108076913,50.20837935562143
2014-02-21,25.87613458700053,-0.12487883444689583,53.23760773182092
2014-02-22,31.511067793294334,5.162533940710653,56.57320770913522
2014-02-23,30.934337588492728,4.622750698987623,56.49720007492852
2014-02-24,23.398449842649075,-2.6868857613973574,48.35680556715801
2014-02-25,20.98358906601409,-6.941147290752461,48.55976156738142
2014-02-26,20.872802124831544,-5.874417213760745,48.59952230286054
2014-02-27,23.477773878251732,-2.244151056768643,51.28111541573421
2014-02-28,25.89464380110615,-0.5336970775958885,51.301122118794886
2014-03-01,31.458497198232354,4.2831464981015595,58.63338127039374
2014-03-02,30.806700243052997,5.177326946374581,59.38538350089181
2014-03-03,23.19269891759327,-4.359056018928543,51.13775150537149
2014-03-04,20.699923896957433,-6.939066210648015,49.85934286275612
2014-03-05,20.512195224418605,-6.845495115833434,46.64696750660034
2014-03-06,23.042591849001376,-3.372922599356511,50.54146865848961
2014-03-07,25.388118690674226,-1.206130652963845,50.392453181038405
2014-03-08,30.885809805298134,3.8893177689826146,57.202310687346525
2014-03-09,30.172777019930763,3.790624389255445,55.900328262266356
2014-03-10,22.503634615835033,-5.979373550252499,47.33901660547236
2014-03-11,19.96509027245345,-7.270338993743236,47.6296637753648
2014-03-12,19.741548040315088,-7.538969914770216,45.20592508858419
2014-03-13,22.247054903109593,-6.239334576703957,50.5277447181908
2014-03-14,24.57880834725901,-1.6844593574103186,49.96474857766372
2014-03-15,30.07486942171497,3.5549738911405764,54.245278375754715
2014-03-16,29.370931488887734,1.663956537645532,55.851168488651915
2014-03-17,21.721386146036117,-5.541146418692417,48.51574654338583
2014-03-18,19.214624786813104,-5.578362257592199,46.445482048903514
2014-03-19,19.033873243236197,-8.774465421105617,45.33357124815272
2014-03-20,21.592256969969927,-6.488250291180817,47.8688847442689
2014-03-21,23.98519802172088,-2.8775539034929505,52.75366324284779
2014-03-22,29.549792983650004,4.702626664464019,57.13573408269529
2014-03-23,28.918361368524117,1.756339403470467,55.89800096392444
2014-03-24,21.343215103798197,-7.03082079412238,48.95619396819892
2014-03-25,18.912733381552787,-8.572780990811273,46.91471127241634
2014-03-26,18.8074924240322,-7.985478441740604,45.981830419673194
2014-03-27,21.43850611439192,-5.948509917789277,48.394135554413964
2014-03-28,23.898566462402783,-3.390531153592886,51.01222072756238
2014-03-29,29.52333104334798,0.5280721067073052,55.771879162263474
2014-03-30,28.941689216334257,3.2197052613009887,55.12713078588749
2014-03-31,21.40425770826067,-5.333489413464278,48.399889446735955
2014-04-01,19.000239956843423,-7.127253048194539,46.045065997532525
2014-04-02,18.908851522101944,-7.60512721869394,46.34279385856674
2014-04-03,21.54072113503487,-3.917101773945964,49.62243325670039
2014-04-04,23.98814389259641,-2.632276254498885,51.16819074054524
2014-04-05,29.587832801535374,2.971920707760199,57.76416523569373
2014-04-06,28.968046111475857,2.4346551511187484,53.625425731041695
2014-04-07,21.38073683954143,-5.809592231616276,49.14447927316496
2014-04-08,18.91911606883405,-7.440336898405187,46.34123463971021
2014-04-09,18.76428564413642,-8.170173622432753,45.082811993307395
2014-04-10,21.3297008197521,-5.697611431193577,47.15507690719303
2014-04-11,23.710236641865556,-3.0617180458750344,49.997287093578684
2014-04-12,29.246502425988485,2.32607809050022,54.63939561716443
2014-04-13,28.56863122291839,0.3842926517212865,56.147194277090485
2014-04-14,20.93198959963586,-5.223485723220392,48.06606894370183
2014-04-15,18.435359577257945,-7.619855557433893,44.852559565836195
2014-04-16,18.26270460318017,-10.603874159172435,45.48353423602695
2014-04-17,20.830633810368337,-5.9275638763981355,48.196026649662706
2014-04-18,23.23623801481069,-5.0312476860678705,48.67688338719929
2014-04-19,28.82294196338867,3.411132395416474,55.993451483939516
2014-04-20,28.220950697565424,2.634552548841102,53.060456520692526
2014-04-21,20.68653526464465,-7.390280551799367,46.21480761829804
2014-04-22,18.32087027558282,-8.723700905920978,47.229524556226885
2014-04-23,18.3069912212425,-9.099774057461218,45.560674751452225
2014-04-24,21.060338649259336,-4.6591679861662145,47.330464936595064
2014-04-25,23.67546084750763,-5.551278885873824,49.56445113040218
2014-04-26,29.493517622945483,1.1016218539539442,56.15218489551344
2014-04-27,29.13951137858333,1.1148990020353453,56.13941879509372
2014-04-28,21.865287491238885,-4.466123963610683,51.29230390801625
2014-04-29,19.769173588897946,-6.423777674961703,44.352023769999505
2014-04-30,20.02827778360953,-4.932049024744899,46.90776589788447
2014-05-01,23.052261692073177,-3.123292828706315,49.56417537504044
2014-05-02,25.92905384852086,-0.5590398964694531,53.73254826070316
2014-05-03,31.99413994077675,4.042570523113831,59.49480455594326
2014-05-04,31.864700299549586,5.254185719508326,60.37374133122692
2014-05-05,24.786429550561184,-1.3633565135802497,52.495585968231374
2014-05-06,22.854061626967827,-3.5094703742826745,49.0150294183196
2014-05-07,23.23906931544916,-2.306699272682587,50.875479770641654
2014-05-08,26.34670044373837,0.45416821162750354,55.294559733831804
2014-05-09,29.260708476790853,2.106413566757446,52.72729807919652
2014-05-10,35.31440672533276,9.53141421765222,61.96794310482726
2014-05-11,35.1216605307622,8.2759983017845,62.20999000717563
2014-05-12,27.92744575407657,-0.013625726006435628,56.35294814185483
2014-05-13,25.829151686659046,-1.1033254774788275,53.30389669389247
2014-05-14,25.999548789304058,-2.435457263777062,50.96751096671452
2014-05-15,28.846932513140317,2.0254331278723536,58.105925735034674
2014-05-16,31.45869669486054,6.6292198321634945,59.06502126842833
2014-05-17,37.173962675994375,8.480659078982852,63.12901948891637
2014-05-18,36.61122712543203,8.543711452086004,63.75461073654138
2014-05-19,29.02245538334023,2.34740749129977,55.098160617993805
2014-05-20,26.514958695548973,0.09892225372381809,53.79556829065511
2014-05-21,26.268268408385754,0.6435304115639547,53.11256847923171
2014-05-22,28.700477432419316,2.7186845614714255,56.743475565360896
2014-05-23,30.907455596086006,3.8670800348944194,56.85298427507136
2014-05-24,36.23723018869101,10.33235523045615,62.693610390571486
2014-05-25,35.31698544309014,7.784434440195056,60.31398511938733
2014-05-26,27.407738543911826,1.4745844922856197,52.827946781883824
2014-05-27,24.62350900698025,-1.5715072239147316,51.39423773428663
2014-05-28,24.151403354984083,-1.1462946132714655,50.55300502282568
2014-05-29,26.413676681278734,-0.22247577260346263,53.9368758783943
2014-05-30,28.510889599513412,2.4644731297881544,54.78882476500011
2014-05-31,33.79354523957519,4.955282200017011,60.01793372503478
2014-06-01,32.891627977957455,6.66877112883192,58.91909428223873
2014-06-02,25.06625049821871,-3.379741286365914,51.72524157520198
2014-06-03,22.428210882744708,-2.9150382461619375,48.49971546493938
2014-06-04,22.1619483512307,-6.26147345664489,49.8845893998792
2014-06-05,24.685131339649452,-0.9714560528265689,49.28065287125762
2014-06-06,27.092812477981386,0.965459006123466,55.2879299321416
2014-06-07,32.7278585754334,5.691597525446872,58.8979620936161
2014-06-08,32.21328118068545,5.659089714640662,60.91564198450922
2014-06-09,24.801102893157505,-3.187997134152642,50.24343665987909
2014-06-10,22.590539499694383,-4.584742000688751,50.33304580727929
2014-06-11,22.756046951055747,-3.2396442554713842,49.8514169808622
2014-06-12,25.70463304157111,-1.7732006844982005,52.57540992961018
2014-06-13,28.52117900446694,0.1960432348324194,53.47772585092847
2014-06-14,34.53779784546913,8.370604901851415,62.18193337653405
2014-06-15,34.36905493678844,6.496322772144045,61.0565021914997
2014-06-16,27.258111623944025,1.0744906889203811,55.62438950718642
2014-06-17,25.294548302737642,-2.7839566311664035,51.99885620802631
2014-06-18,25.64647546386319,-0.3666899787198043,52.18638289653101
2014-06-19,28.715498936912397,0.8071808517614614,54.27875264465795
2014-06-20,31.58309651539835,3.94606936305215,58.41949630069668
2014-06-21,37.578753910851276,12.05397698296654,64.72298322508247
2014-06-22,37.31788896462026,11.044796804989078,64.19903810805013
2014-06-23,30.045054859682345,2.5658893431165453,56.94550338709182
2014-06-24,27.851160436962516,0.8730334507410377,53.714890142588665
2014-06-25,27.909381582864988,1.5030822677758975,53.50193338620207
2014-06-26,30.62750284226014,3.6211329797346856,57.91269585987791
2014-06-27,33.09506536267865,4.591712779826241,59.81644774451178
2014-06-28,38.64999741820831,12.561484105598058,65.89856555175508
2014-06-29,37.91896705726977,10.748022417893905,65.1244804339509
2014-06-30,30.157384658170088,3.623930808444326,56.24897521487253
2014-07-01,27.46578185434341,0.5749262763438235,54.46447546611787
2014-07-02,27.02931245450598,-0.2207842504728384,52.51676682248068
2014-07-03,29.26729293746566,3.627812632604111,55.86825263732598
2014-07-04,31.28098222082363,5.687069680374445,56.77862283714201
2014-07-05,36.41860896185128,8.283640156694528,64.979054364784
2014-07-06,35.3180991971248,10.315758979193848,61.585580043711225
2014-07-07,27.24387065896123,0.45695934098241037,52.85837239690366
2014-07-08,24.302408921392814,-3.2827933817598796,50.79012616841042
2014-07-09,23.685441801632898,-3.3936804829644474,51.23544022550832
2014-07-10,25.81680599285377,-1.183921534210481,51.79607474503546
2014-07-11,27.80102607053956,1.3407141744834417,57.0248543589462
2014-07-12,32.98694194877308,6.56169819383512,59.71184874729126
2014-07-13,32.01304573187792,5.297510784433775,57.907648509916505
2014-07-14,24.14132693049776,-4.010299183536785,52.72415384384538
2014-07-15,21.472323319146135,-4.50520282036405,49.379961634366396
2014-07-16,21.192257621667082,-4.194124879853577,48.499869537571534
2014-07-17,23.71752307082842,-3.05368301483541,50.37996042014576
2014-07-18,26.13998731863607,-1.2260714813870488,52.06393586458768
2014-07-19,31.80069777369533,6.553021276549819,60.99573140923207
2014-07-20,31.33185107554045,5.868861958066758,58.26219217362299
2014-07-21,23.98782808674018,-3.9973076446646294,51.91434057495079
2014-07-22,21.849212417950927,-5.61041631320182,46.38585364625866
2014-07-23,22.091137304581295,-5.846637999616858,48.26575325664059
2014-07-24,25.11676945322485,-1.7152066144184241,54.05181355861552
2014-07-25,28.014203927622223,1.9662197517208664,54.024683440893845
2014-07-26,34.10629889866828,7.301551412372029,61.0540917310714
2014-07-27,34.02817290735198,7.504590403580901,62.2635592310228
2014-07-28,27.027020182628153,-0.7698287843819781,51.74585076904819
2014-07-29,25.160792885005257,-2.830501030205499,52.981683105898654
2014-07-30,25.602970533354064,-1.7450523549229893,51.02593598971634
2014-07-31,28.75242684673449,2.8253697395818773,55.87483288737769
2014-08-01,31.698951700211907,3.740320841475193,59.497062374838066
2014-08-02,37.7606063765291,9.63882431528017,62.60733341187948
2014-08-03,37.5859808667299,10.923397435913738,63.91371312943371
2014-08-04,30.426062324661764,2.3854591129197913,55.66566988436066
2014-08-05,28.327309668226533,2.2799536934575064,55.644510686478945
2014-08-06,28.472574093481867,-1.0201001291169367,56.91716222774214
2014-08-07,31.26708434372839,4.148121075952361,58.75510118470498
2014-08-08,33.812344801285725,9.410396447350026,61.62114455713391
2014-08-09,39.43078024673201,8.65880141316729,65.52810606769309
2014-08-10,38.79254784857337,13.024914428092863,65.07872590138302
2014-08-11,31.159284008660414,3.185387651453721,56.96460220386467
2014-08-12,28.571431262939207,3.0160593572284293,54.598425335264345
2014-08-13,28.225207619940186,0.16048155850579643,53.49936612986723
2014-08-14,30.53464784869654,4.08059267387494,55.897751256789434
2014-08-15,32.61385611699083,5.870568439260723,58.46457952749927
2014-08-16,37.78895934365875,10.16003569488482,64.8978048458462
2014-08-17,36.74953240126053,8.384983370022699,64.42386331050716
2014-08-18,28.764319032684508,0.7255716904065898,54.89189410645709
2014-08-19,25.86294063272853,-1.3791152455245308,50.8578057311844
2014-08-20,25.249073769095357,-1.2201622333027002,53.211700629335354
2014-08-21,27.338731750911016,0.6388456711099946,52.70508310072531
2014-08-22,29.251075502911885,0.19165819773845272,57.177261123224916
2014-08-23,34.307892706714945,7.334699307171043,60.3549177994768
2014-08-24,33.20986072242874,7.652897724818224,57.661712292674814
2014-08-25,25.22446709587765,-1.9755805306808332,53.51338637026962
2014-08-26,22.362320535014405,-4.04120712857032,50.60460748093399
2014-08-27,21.826745752114878,-6.120109645963977,49.36431540556455
2014-08-28,24.02849772036858,-3.0327484430715996,51.072600966494306
2014-08-29,26.08530146896866,-2.5873736724832606,52.68628081698921
2014-08-30,31.30900168186066,4.565712327884067,57.924001581951025
2014-08-31,30.40677850640385,3.5808952679010444,57.50331793987858
2014-09-01,22.641350733144183,-3.0250102543449495,50.96845705513251
2014-09-02,20.001938336696046,-5.047079464908448,48.383163252326455
2014-09-03,19.690289663779556,-6.512824631317715,46.795544876633805
2014-09-04,22.111809424366395,-4.117862831204195,49.67725186231226
2014-09-05,24.38377581732466,-3.1102422170239357,49.18883065956191
2014-09-06,29.810078626037708,4.133741651121269,57.39069029787135
2014-09-07,29.107278696390303,1.5575347766267968,54.143087519724716
2014-09-08,21.53696117503578,-4.237148760377105,47.9233486752047
2014-09-09,19.07119808911457,-8.13376839796514,46.57700732607341
2014-09-10,18.91484241673441,-5.333549002986522,44.98512106229442
2014-09-11,21.4728957202348,-4.3132095077675965,47.537844393353154
2014-09-12,23.86722536772537,-4.163398880447311,51.152822570993195
2014-09-13,29.398231574965234,3.5355520749948575,56.005625090343734
2014-09-14,28.797057037411605,1.7020488482115201,56.73046109826089
2014-09-15,21.328782338335618,-3.813556203921632,49.303586849698455
2014-09-16,18.95162722179954,-7.705497664667571,47.59739529825646
2014-09-17,18.87661170810901,-7.804374800962921,46.7096189171872
2014-09-18,21.51051299978086,-6.841816601961165,49.514750155320726
2014-09-19,23.981503243927097,-2.816944457004743,50.46146532979838
2014-09-20,29.587703038869343,1.7035527644053308,56.051403449416455
2014-09-21,29.074861205613963,3.4428466062868988,56.249868356636604
2014-09-22,21.710281211635785,-7.92184778617658,48.82791649713946
2014-09-23,19.43560316002188,-6.512016731903838,47.46394894132152
2014-09-24,19.465863393348727,-6.80866452688861,46.92086612946862
2014-09-25,22.20663220825814,-4.3633126576576995,49.43219875838619
2014-09-26,24.788959296100817,-4.141260250964831,50.947894146519396
2014-09-27,30.504354347590045,3.949852918756293,58.36729020944047
2014-09-28,30.10945331276483,3.662884393342699,57.011618003881445
2014-09-29,22.869688305203162,-5.278169690130539,49.38662683141564
2014-09-30,20.706164441985116,-5.647762093286133,47.548882597300825
2014-10-01,20.834274791355117,-3.56387065332715,48.48748586643317
2014-10-02,23.655167301313924,-1.3339081072879289,50.67387482065305
2014-10-03,26.30013308760863,1.9608698836086726,53.35923877053395
2014-10-04,32.05213168377303,5.568105150137309,59.718225232601064
2014-10-05,31.677539861469917,6.971792780650614,59.8032847961612
2014-10-06,24.43963640376488,-2.4782240479575166,49.185761254607804
2014-10-07,22.239618036968434,-6.0765014507428665,48.33492441587447
2014-10-08,22.294785166344738,-5.4634694191733955,48.02814740870506
2014-10-09,25.00432388341222,-2.7194177686174905,51.9471070768819
2014-10-10,27.503093493999227,1.3439523717231223,53.493979267490666
2014-10-11,33.06962432993693,5.101271361376689,61.077049543639085
2014-10-12,32.48485042654043,5.650970506079052,57.84803289281391
2014-10-13,25.015286506571794,-1.211383719880947,52.113776349784494
2014-10-14,22.548039786555336,-4.586016931601174,48.818877738354516
2014-10-15,22.308406753746798,-2.0633466656621056,47.20833813774072
2014-10-16,24.699798523691747,-2.8541569518072176,50.9039166932165
2014-10-17,26.866748831727364,1.2557241843837075,54.934863234469404
2014-10-18,32.08920375972419,4.5006963934854625,59.68430824339215
2014-10-19,31.168061025973227,4.813049272114757,58.1978751223425
2014-10-20,23.377870551399898,-4.178524615108658,50.095442851117454
2014-10-21,20.595687133624455,-6.235683452263788,47.66735541801627
2014-10-22,20.0579415314347,-8.215992982865439,45.936726898329454
2014-10-23,22.17439487517723,-3.1693542954747875,47.130003728140835
2014-10-24,24.10027881378684,-3.0299874813281287,52.142034686470325
2014-10-25,29.116817678282324,3.9164313818364094,57.433559062894545
2014-10-26,28.04354577909979,-0.3252950647217063,54.08823837288193
2014-10-27,20.160535009178925,-6.089530785492498,47.21467395489012
2014-10-28,17.331124192280967,-10.118698052427725,42.76664117506805
2014-10-29,16.79813202183543,-10.767009314222017,42.9452587899653
2014-10-30,18.971938308554083,-9.563387343654545,44.47350808022626
2014-10-31,21.01188195220875,-7.603056178542851,48.463287009889484
2014-11-01,26.193165956555884,-0.23205593795725685,54.39307969593349
2014-11-02,25.346124053302077,-0.6584175814021377,53.64099144139768
2014-11-03,17.74816312981069,-8.575090031894902,44.916882633249905
2014-11-04,15.240568598441179,-12.520213923292452,40.9466345409719
2014-11-05,15.064264847897489,-12.335432337479338,41.680430722582955
2014-11-06,17.622229856281805,-8.30930864657207,44.77713805545831
2014-11-07,20.070352901580787,-6.114431653256787,48.48964428212507
2014-11-08,25.67091434985939,-1.5064683882911654,51.065065033854815
2014-11-09,25.25897841338548,-2.6667438075218577,50.882915596628365
2014-11-10,18.104207360500816,-7.629686116655376,44.46776313125426
2014-11-11,16.021875852813466,-11.469112699099908,41.91580792080372
2014-11-12,16.24828419001153,-11.552995565929347,43.99304942968162
2014-11-13,19.177581173680498,-6.857534757252934,46.49961651441755
2014-11-14,21.9621239791857,-3.6801487682500955,49.50938468995708
2014-11-15,27.852541502620756,0.009343665371575799,54.5220514434035
2014-11-16,27.691228225389,1.5722496508880397,54.37545156179503
2014-11-17,20.7439718663116,-5.9659292592501725,44.93183664958672
2014-11-18,18.80508656482004,-8.695834122805296,45.54129048523326
2014-11-19,19.112359659631228,-8.006465292470278,47.58048482391053
2014-11-20,22.058137047996386,-3.8178936391151406,48.81272307945606
2014-11-21,24.799017084588318,-0.6602051943205819,51.34163921500157
2014-11-22,30.582311227483114,4.045889668797025,57.44636237546155
2014-11-23,30.266439495627125,4.841357848815613,57.75710889610679
2014-11-24,23.12216387604589,-2.705072622874691,52.071951353099756
2014-11-25,20.93162993447231,-7.847482048421224,47.352282103927465
2014-11-26,20.942639182837958,-9.30006284538857,47.69908632979399
2014-11-27,23.553796861294963,-0.7750911378447779,49.68010299109592
2014-11-28,25.933352619946668,-0.9130520656628303,53.91243674949128
2014-11-29,31.331888700425367,6.077022393970067,58.39206396649515
2014-11-30,30.629468848342142,1.6831454327147812,56.97347687108355
2014-12-01,23.106354505743237,0.1527683014314264,51.148679928783174
2014-12-02,20.53585989947646,-7.8840995418303885,45.03140520100749
2014-12-03,20.177885160302264,-6.56211601860503,46.33123131335165
2014-12-04,22.438093090274904,-1.6577223148054132,48.907789291967205
2014-12-05,24.49589504420136,-2.0857886684906917,50.36080958925059
2014-12-06,29.60339654041053,3.3020239988755993,57.41474889161356
2014-12-07,28.65935980765605,0.3316415869165064,55.00187394486376
2014-12-08,20.949491268076464,-5.181633919689443,46.15362974423327
2014-12-09,18.23322426587611,-8.058145499148116,46.11991860052048
2014-12-10,17.776649465102604,-10.331023882051456,43.1677500763556
2014-12-11,19.98587567076144,-7.3164949513232465,44.971035229227915
2014-12-12,22.044330278659903,-5.279068492754021,47.63098709922572
2014-12-13,27.198141444075738,0.9727933265728679,52.87415664788061
2014-12-14,26.357098439188686,0.5423512363670907,52.00225394526993
2014-12-15,18.804694892483987,-7.030894658567071,45.36832112080611
2014-12-16,16.279019241132023,-10.369934620919054,44.516224993695836
2014-12-17,16.04525364224863,-10.071383954972578,44.490972018560264
2014-12-18,18.503377091338884,-6.837664331371479,45.43871137604061
2014-12-19,20.834921978008957,-6.483547867852223,48.277445038790596
2014-12-20,26.27491444745041,0.6767258988457948,52.10298062609527
2014-12-21,25.73993169797833,-1.6136007943764759,52.47183358827998
2014-12-22,18.507975649943905,-10.294711691646611,44.7492702488463
2014-12-23,16.29352007586528,-11.315741869403666,43.30716376327985
2014-12-24,16.359600705854735,-9.71439244973922,44.15852864442167
2014-12-25,19.099857202479512,-5.866684589225851,47.13686908321912
2014-12-26,21.694717097038563,-6.159295673010223,48.11744400194316
2014-12-27,27.369841817099438,2.4132331889211036,53.822856441872595
2014-12-28,27.051206668065003,-0.9264651008657032,55.62619116641862
2014-12-29,20.014711536264002,-5.686043447442512,47.11974924144316
2014-12-30,17.955275185096454,-9.259302902178312,45.26596496302195
2014-12-31,18.138394288557386,-8.54877773475572,44.20877106541516
2015-01-01,20.956392841109416,-6.188579529626406,47.5698453319173
2015-01-02,23.59389662826494,-2.434427977699703,51.33328341348682
2015-01-03,29.272646404081442,1.9699611950716975,55.67233830642831
2015-01-04,28.9334640464045,2.763313679630437,54.92654572436032
2015-01-05,21.85546928458682,-5.5324903180499625,48.06014883962973
2015-01-06,19.71909885721975,-6.881719568291418,47.38304182864908
2015-01-07,19.79702384856401,-8.923334992944522,46.59553341429728
2015-01-08,22.48450982349112,-6.165282561288453,48.00611189828818
2015-01-09,24.974101251745793,0.4626188821582752,51.54075625675253
2015-01-10,30.48673865831874,4.431586826554237,57.26983575124455
2015-01-11,29.980566281062522,3.0452184270437446,56.54946534201186
2015-01-12,22.739728741842505,-3.8695351144353993,48.301296409065515
2015-01-13,20.43130762449998,-5.567760884126298,46.83111062243133
2015-01-14,20.335607679697066,-5.511681036220241,47.23526371624724
2015-01-15,22.850654965279315,-5.011356217219869,50.08470654079308
2015-01-16,25.17613361447823,-2.916554552667562,53.1496396616185
2015-01-17,30.530862560007566,2.9077651211611983,58.769594459944734
2015-01-18,29.888511371653294,3.5503447697189903,56.75899934130647
2015-01-19,22.53605197819337,-4.283599891741987,49.53258069562185
2015-01-20,20.12469383366204,-6.961131516517054,48.076670397908764
2015-01-21,19.93962354608916,-5.915814816269762,45.50382553633257
2015-01-22,22.37872617158198,-4.527465397195056,49.18265542594315
2015-01-23,24.645857865625942,-2.7570367527818287,51.86269832754598
2015-01-24,29.95476165973793,2.67544161155363,57.943694530863965
2015-01-25,29.291764870350892,0.21693000249810546,55.92635423598681
2015-01-26,21.94395141549486,-4.473541658108342,47.467232989319406
2015-01-27,19.544151843896316,-5.413064632959546,45.418161603158545
2015-01-28,19.380182339739857,-6.4067165968412825,47.70311012967796
2015-01-29,21.847824131594,-5.290557305374309,48.78710990392057
2015-01-30,24.153455716753935,-3.376309026059433,49.81368205088325
2015-01-31,29.50442020899756,2.002824810516521,56.8562278135962
2015-02-01,28.89870612328618,1.1887070424859285,57.35915164091169
2015-02-02,21.622832161474143,-4.6599440097889895,47.57532877249399
2015-02-03,19.290875116161175,-8.071352083546564,44.8934245026858
2015-02-04,19.193183703350847,-7.894351580563505,46.21216092362027
2015-02-05,21.723585458049623,-3.8761614315929536,48.89262542843031
2015-02-06,24.091343422706753,-3.4180049940327426,50.22950270889781
2015-02-07,29.497937130747147,1.616800162006812,55.76561234385962
2015-02-08,28.953687655181174,1.474248790226841,56.98644713296592
2015-02-09,21.74531615879749,-6.319862414744753,47.553197812694464
2015-02-10,19.468972840493848,-7.728784233785373,47.60963486191657
2015-02-11,19.418391930112847,-6.70583676021644,46.28090427894057
2015-02-12,21.98629665702463,-5.125115304387178,47.626524098689664
2015-02-13,24.385656082126477,-2.569273344478485,50.53363576125836
2015-02-14,29.812861066564107,4.374004449986916,56.14788258381066
2015-02-15,29.291280902128822,2.7499628617334797,56.310049676737016
2015-02-16,22.108488933157105,-3.856471917631241,49.70724450059388
2015-02-17,19.843291591749256,-5.286921325764148,45.02845626549259
2015-02-18,19.79332884178158,-6.827303459544513,47.357169333337545
2015-02-19,22.35068602604036,-5.574783957884647,48.812142637883355
2015-02-20,24.732463259408195,-0.1950996310177503,51.87610614445975
2015-02-21,30.13036136309353,3.453532896936718,57.89571269359245
2015-02-22,29.58118647617689,4.074300409267718,55.243783287337216
2015-02-23,22.373759379680276,-2.3294824645642986,48.35933979171226
2015-02-24,20.069960303315156,-7.1929302037430585,48.155241652252414
2015-02-25,19.971788433918007,-7.070257505281258,47.986260104148556
2015-02-26,22.471191177688347,-2.529700470643437,49.36424901166619
2015-02-27,24.789952713799522,-1.805877505948142,50.00223975033034
2015-02-28,30.115691887701374,1.5083720541796797,56.69653479805925
2015-03-01,29.499311744309935,2.592767118627308,58.11769260408679
2015-03-02,22.231584236981355,-6.851751790019586,48.18234600358129
2015-03-03,19.858197281418214,-7.011822116377553,46.82462372458844
2015-03-04,19.686254904085246,-8.809586645577962,45.20792699772843
2015-03-05,22.10830115229059,-4.874337776715209,48.349591670079015
2015-03-06,24.351501486310394,-3.0548690067642505,52.4634004547221
2015-03-07,29.600023747557618,3.1172821208867583,56.94106829424371
2015-03-08,28.919402327866354,1.7778582763751436,55.46974098589985
2015-03-09,21.602767862754042,-4.845746764692602,49.81937356027555
2015-03-10,19.179867379949965,-7.585993400377926,47.745071091304126
2015-03-11,18.962978570546213,-7.325855880022127,45.289267926746525
2015-03-12,21.345105821002786,-6.935178238334128,46.50448380661635
2015-03-13,23.558437179365338,-4.012789213860691,52.66076908024871
2015-03-14,28.783097525911042,2.2061027414135315,55.37799592257034
2015-03-15,28.09842383985361,0.4279833286055891,54.102997085585606
2015-03-16,20.79884438051914,-7.245363831996747,44.61148402961446
2015-03-17,18.39688491494583,-8.71732577819984,45.6939804035494
2015-03-18,18.208518718626706,-8.920533145005466,45.50303056093878
2015-03-19,20.625564784387116,-7.104879222420005,45.71282998733119
2015-03-20,22.88345836887283,-2.425236623105461,50.67917686809456
2015-03-21,28.15642150850065,0.6363537935155391,54.24973823254227
2015-03-22,27.53570054538319,-1.1399776090558968,54.01898648584488
2015-03-23,20.315150584869407,-6.318607440368225,44.424398858780954
2015-03-24,17.98828658671427,-8.204820713944049,44.160509485718265
2015-03-25,17.87312905532181,-8.823053302017941,42.104983840175244
2015-03-26,20.358863604422947,-4.60976865190434,46.394718088541055
2015-03-27,22.68298145288609,-3.933082531956372,49.02132894780072
2015-03-28,28.012918808957657,0.6026346834213447,54.36381688108012
2015-03-29,27.451301359082432,0.007777378620064286,53.87194077337019
2015-03-30,20.29127004412786,-7.150073889033378,48.15990914210743
2015-03-31,18.007602752751406,-9.46961982561945,45.152801064270946
2015-04-01,17.92106975455019,-9.42039399870449,43.43372766080157
2015-04-02,20.41935592675947,-6.250016822726378,46.78003404785612
2015-04-03,22.743559061462072,-5.500067377964944,50.410014605458265
2015-04-04,28.056272243176124,1.7132077944866486,55.74058867633097
2015-04-05,27.47379582418726,-0.2559180666746302,54.4555447586072
2015-04-06,20.291152019354023,-7.840655636129827,47.42869372219158
2015-04-07,17.967212694550156,-9.46205321658829,45.65473332074751
2015-04-08,17.828489470609078,-10.11274483058147,41.82092240266679
2015-04-09,20.264234811113603,-7.719307182350102,45.7511489868442
2015-04-10,22.52220779911016,-4.55903663926723,48.04629942230464
2015-04-11,27.76310510888674,1.9473834697291301,55.44744126374683
2015-04-12,27.119644724172698,-0.5463786681574512,52.185134991164844
2015-04-13,19.891175128421747,-5.764814785949399,45.86197212325524
2015-04-14,17.522719420597923,-9.386824770723694,46.13911076261328
2015-04-15,17.34811769349703,-9.58405731660538,43.618352965090565
2015-04-16,19.7592347638804,-8.876109791851396,45.29030560903482
2015-04-17,22.010933985477333,-4.119724759134761,47.6934174206785
2015-04-18,27.261812489111843,0.49777114589455057,54.6450701551727
2015-04-19,26.660129381856578,-1.4244463194380128,52.640093013272335
2015-04-20,19.50800085320671,-5.338548888902889,47.612695879366726
2015-04-21,17.23437154212423,-9.98707008275121,42.61924989656203
2015-04-22,17.177540192693172,-9.974054965983902,44.56743798224439
2015-04-23,19.728525006521775,-6.859677320396429,46.686139904217036
2015-04-24,22.14531575461751,-2.8846463040246304,48.14424408819716
2015-04-25,27.580001544570514,0.6440571695361575,54.377378060236325
2015-04-26,27.191647896688803,0.047117995848686256,54.6734787152134
2015-04-27,20.280195906019525,-7.341367151534916,47.64389918404942
2015-04-28,18.253489868577848,-7.5424028896915765,45.187649418787665
2015-04-29,18.44932280231465,-6.723829409724752,46.247276303135685
2015-04-30,21.25309997419723,-5.485574000962933,49.074355352499595
2015-05-01,23.921509977409517,-1.999256671761785,48.6492127003028
2015-05-02,29.596181828395288,5.5836449515189175,56.976846492682355
2015-05-03,29.443639864270434,1.7232728698701163,55.106877486068186
2015-05-04,22.759024148444524,-5.065911812904065,48.71424636910598
2015-05-05,20.927276102260883,-6.434827597385399,46.31399456646692
2015-05-06,21.284786834961654,-4.89462090381749,48.51693904193529
2015-05-07,24.211420053881056,-4.47338652686234,50.84966647846506
2015-05-08,26.96363917215451,-0.1919848714032139,52.98796090335367
2015-05-09,32.67470485608095,5.511232468288729,58.925066468444506
2015-05-10,32.52169179141514,5.900650542951354,57.4331306715375
2015-05-11,25.798986902606316,-0.30254942785921213,52.27489657654473
2015-05-12,23.873562430564565,-2.6122222238499564,50.55495161673431
2015-05-13,24.086130493309255,-0.46115991504488224,50.52221370027244
2015-05-14,26.817404641960092,0.7926963087283597,55.04155166611856
2015-05-15,29.330540679508562,-0.19865521987501614,56.17911160446911
2015-05-16,34.75771399447826,7.150947639202729,62.70088560380863
2015-05-17,34.29402301234727,7.204405929769213,61.36656093114343
2015-05-18,27.240579843776313,0.04017724163400821,53.95105211652803
2015-05-19,24.953679928042583,-1.3012891271660383,51.83200384288858
2015-05-20,24.785271416017537,-1.8126165319930285,51.61847121648539
2015-05-21,27.123268538531065,1.7583962341644572,54.840148164504704
2015-05-22,29.243128973628654,2.538396033758719,54.000075568834504
2015-05-23,34.28064842686053,7.237658887210097,61.37551304491162
2015-05-24,33.45260751863075,7.56647057866193,60.42751858340566
2015-05-25,26.069335153094965,-0.5016937459798245,54.22389166935006
2015-05-26,23.47768226694618,-3.1736947413540295,47.483305307229436
2015-05-27,23.04074387732109,-4.312745397818666,50.458571377516364
2015-05-28,25.152194711419742,-1.3044450835937524,52.98864328572249
2015-05-29,27.09700765557456,1.8418642917319978,53.95164757184331
2015-05-30,32.01050479596526,6.063093444370732,59.90561136811776
2015-05-31,31.12582131826151,4.926374217861774,56.61749921971934
2015-06-01,23.756048297015568,-0.0531274990564576,50.33223428197828
2015-06-02,21.23114823061326,-4.53140066413314,49.87835417669148
2015-06-03,20.917095412187688,-5.649869178334164,44.63703365660913
2015-06-04,23.20442365777424,-3.0101062938772287,50.16734439294947
2015-06-05,25.37829535127993,-1.2961022261013733,53.92538630137669
2015-06-06,30.564033038779133,2.9025580696403175,59.08784137000795
2015-06-07,30.00163344818226,0.780614778477497,56.191983463433225
2015-06-08,22.997725931689672,-2.796424189280006,48.54042399484893
2015-06-09,20.856663082751368,-4.569060033474257,47.9062191399382
2015-06-10,20.9393037144372,-5.33598244748383,48.398285545648356
2015-06-11,23.625982034843904,-3.2849812199903887,52.716880522489696
2015-06-12,26.196116085085453,-1.9610635413952482,52.00287867510396
2015-06-13,31.760382980254473,4.997421809031694,57.58432091058119
2015-06-14,31.562415891321166,3.432312308579404,58.05895765305607
2015-06-15,24.90067691883482,-1.7454887758416318,51.7594728178592
2015-06-16,23.05378453686642,-4.183019231204502,47.19673183597786
2015-06-17,23.37896185315951,-2.8136340987975488,49.3801660184636
2015-06-18,26.249409794056216,-0.47148309045833225,54.97136533069774
2015-06-19,28.943397378531877,2.7486402867981905,55.68837998924179
2015-06-20,34.562983967101744,8.309072593493681,61.908750213454375
2015-06-21,34.36276555041944,8.936162589124619,60.09177745365381
2015-06-22,27.641494429487338,-1.1581145464558384,51.276434163476054
2015-06-23,25.661445850600945,-0.2567735013007288,51.87535298158968
2015-06-24,25.786308672988895,-0.1985292604880621,52.013378707759415
2015-06-25,28.39271991795864,-0.04493429745339263,53.43187267245511
2015-06-26,30.768580486772507,4.109097752776828,58.914094139082344
2015-06-27,36.018060704328924,9.57028769017764,62.84599078407133
2015-06-28,35.417131541828745,6.870429545170487,64.13938333659041
2015-06-29,28.274672794986017,0.700862788412827,54.290115138926325
2015-06-30,25.84563327477446,-2.138639682064848,52.06752896022254
2015-07-01,25.508137240952582,-1.0128019313825396,50.73354807036324
2015-07-02,27.64897853141245,1.0605313710590087,55.97266224580901
2015-07-03,29.57099004896933,2.1903403733907396,55.89554363709004
2015-07-04,34.38419553168932,8.176666478827148,62.06212958455898
2015-07-05,33.388026871678676,8.636057665684335,59.91863620708781
2015-07-06,25.90186283320714,-2.8181153574204427,54.80404874482577
2015-07-07,23.17196732521732,-4.469550333960805,48.64094484119062
2015-07-08,22.58783912251152,-4.567882154775692,48.95449530270553
2015-07-09,24.54173549739017,-2.2916284730712566,51.61615157524396
2015-07-10,26.345206106568224,-0.9394130345821718,54.004397919244404
2015-07-11,31.10653958478228,5.279727939419674,57.80500510714613
2015-07-12,30.139849794932392,3.9375705427270344,55.760083589744475
2015-07-13,22.765257547645884,-4.261861742536259,47.85832331129302
2015-07-14,20.209843663779214,-7.953171230245213,44.87633866722163
2015-07-15,19.863496934812158,-5.776099049365571,45.28481666662846
2015-07-16,22.112733979229194,-5.453574746523405,49.39240601402618
2015-07-17,24.26666925321089,-1.5781520824131057,51.846321527391666
2015-07-18,29.421026302502494,1.7369628413972913,56.63067318228381
2015-07-19,28.894354061279753,1.8410569511429784,55.284720992587694
2015-07-20,21.99809738433685,-4.948295716518693,48.61267199601769
2015-07-21,19.931789228882327,-5.027195795399442,47.65670498192092
2015-07-22,20.0785941004661,-7.874205280440533,49.04214329837247
2015-07-23,22.813589416005033,-1.3434208274089694,50.29186468273753
2015-07-24,25.43930092160016,-2.351327120404493,51.77456275945279
2015-07-25,31.036368802545244,5.388455302644565,58.004567447994376
2015-07-26,30.926943090720243,2.9531134910687262,58.53343072185776
2015-07-27,24.414649949435873,-2.9993778466789998,50.573047966839084
2015-07-28,22.673987915117173,-4.790328533460327,50.250440546143075
2015-07-29,23.085490978647098,-6.618301751896481,51.22221406726062
2015-07-30,26.018357077552754,0.15019996060128935,53.05169060183357
2015-07-31,28.77539926455634,0.8150178959735463,56.534036838016064
2015-08-01,34.43018588481443,9.142360385810312,60.002295743417704
2015-08-02,34.31740808922532,7.212152039901327,60.42101619702705
2015-08-03,27.742514224870945,-0.4180455751304641,53.321916622600895
2015-08-04,25.865067901468116,-2.14717448267497,53.36574353218204
2015-08-05,26.073280269092788,-0.6606359120264396,53.390778446618846
2015-08-06,28.740733532237602,0.6423539287816987,52.728257654741775
2015-08-07,31.180500607546534,4.880678216691592,58.0106034763084
2015-08-08,36.46852326928928,8.542905882655564,63.82202817639357
2015-08-09,35.96073278556738,10.384204399541506,61.49533062065275
2015-08-10,28.972155978745118,1.37717009269262,56.35857852641079
2015-08-11,26.654065999821803,-2.5140961633611467,53.92455525636848
2015-08-12,26.407745990913025,0.558961188238882,53.47296689952619
2015-08-13,28.61520421780228,3.892208418096769,53.41635347774059
2015-08-14,30.602395367038177,3.032921940228166,56.66551122117054
2015-08-15,35.44880750168188,9.574790848069863,61.41732191230348
2015-08-16,34.531344466413906,7.980982776403242,64.12680506513382
2015-08-17,27.1729491624415,2.7818023380523575,54.95081505035738
2015-08-18,24.51362758508992,-0.91143668843481,50.8577052086489
2015-08-19,23.96355663049131,-4.094933900803744,48.4898612055907
2015-08-20,25.9079321735797,-0.48370056037001463,53.78447840453844
2015-08-21,27.679457539785158,1.187652145229256,53.887552254310386
2015-08-22,32.35432406423981,5.4189785166660736,57.36518901284845
2015-08-23,31.323053917567904,4.822347075660835,57.687470859180756
2015-08-24,23.908847413750518,-2.0123455938474497,53.96572848447113
2015-08-25,21.232689472050197,-4.839969501892209,50.09433217595166
2015-08-26,20.706007280802694,-6.174994110157441,47.75526629854555
2015-08-27,22.709847987480515,-4.25183314747898,49.80573078889956
2015-08-28,24.57681671577417,-3.7510492157090587,51.54601184398206
2015-08-29,29.373614043730456,3.2657419042151874,58.55633782412832
2015-08-30,28.498979369672753,1.593515829565562,53.60765125357691
2015-08-31,21.27187576179541,-6.428173496281354,48.76109232320792
2015-09-01,18.79076314347445,-6.680142891838888,43.04939200614262
2015-09-02,18.46585917976371,-10.172741171151682,45.072887394774604
2015-09-03,20.6726682047625,-6.014823331389707,47.722342244497895
2015-09-04,22.743358786367015,-4.781439976776599,49.4250685817146
2015-09-05,27.73581753175507,1.657888340091939,55.26989056531103
2015-09-06,27.058623705547575,0.4232036084175412,54.02058718498995
2015-09-07,20.02897633879427,-3.4937109855443405,47.57497723580754
2015-09-08,17.72601627681371,-9.620484396102905,44.26190355442965
2015-09-09,17.56255387392218,-8.83596822707317,45.55505389438076
2015-09-10,19.91279869573536,-9.256660065284976,45.545654260341315
2015-09-11,22.113016974591122,-4.2606813781027455,51.338859888957714
2015-09-12,27.216937942319845,1.7456000383609587,56.736898712052366
2015-09-13,26.647596859167567,0.8646790264598926,52.53991835068117
2015-09-14,19.7248474989114,-6.148911915852444,45.85455499082129
2015-09-15,17.51258688682221,-10.875624065198513,44.02939879963434
2015-09-16,17.429818707679818,-9.764819051478272,43.71029527184393
2015-09-17,19.852471621552404,-6.653163576858195,46.130608293632754
2015-09-18,22.12324661688297,-2.678316339913903,48.35869903654197
2015-09-19,27.29331057017092,0.4275591944816495,53.35393266368742
2015-09-20,26.800968821355905,-0.8773545129983394,54.74418535684536
2015-09-21,19.968751524999117,-6.997129208823326,45.60668762183231
2015-09-22,17.84455699259875,-9.42420974234196,44.57460911940077
2015-09-23,17.852093379942293,-9.728669400703511,43.7888747486819
2015-09-24,20.366853247025485,-6.47927941453675,47.439658823341595
2015-09-25,22.73524115452981,-4.964590423083401,50.51710984839957
2015-09-26,28.00266447472377,0.4069272893799263,56.27316899302119
2015-09-27,27.619161586677777,1.2100273343926744,56.021657213558846
2015-09-28,20.906200104951896,-7.315312371209059,47.40955612178926
2015-09-29,18.891884309573097,-7.564371660147924,45.88143293664268
2015-09-30,19.00092338069536,-7.791032948860101,47.58689622826518
2015-10-01,21.604908488452743,-3.957421764766251,48.941913087873
2015-10-02,24.050860234526013,-3.668820604542187,51.70589944894443
2015-10-03,29.375845133611197,5.381376447948253,56.03100293584705
2015-10-04,29.039672507261024,2.9218748310251024,53.54343984677238
2015-10-05,22.361498632659004,-3.131626938964126,49.90667565614587
2015-10-06,20.34917014558215,-7.271965042069185,45.848246822230834
2015-10-07,20.42876609439162,-6.500270107173284,47.52552940372724
2015-10-08,22.969198504626412,-2.415843217193061,50.389723038169265
2015-10-09,25.320173359182707,-1.1429105812979397,50.358432844417216
2015-10-10,30.513299089780073,5.336351573941467,57.79274465313259
2015-10-11,30.021791875200904,3.932657506316257,58.482299784299215
2015-10-12,23.16680030858103,-3.88150376709613,50.72083219280474
2015-10-13,20.940776549643083,-5.047664142345613,45.78478069752996
2015-10-14,20.776464135586174,-5.6664522664494275,46.651218024981425
2015-10-15,23.045677710281982,-4.250187940328152,49.551319956235716
2015-10-16,25.106521083826344,-1.8481274393723066,53.394903211908264
2015-10-17,29.990823611717463,2.4337969140336675,56.043555207899466
2015-10-18,29.19068685731361,0.23523310253420757,55.12682018501021
2015-10-19,22.03436468530001,-4.997008830317399,49.67003973251002
2015-10-20,19.503503866256843,-7.924684874207633,45.880786516462166
2015-10-21,19.041430830327673,-7.470066214018223,44.489935228327944
2015-10-22,21.025979622438395,-4.7837748873752775,48.59901693350542
2015-10-23,22.82585594847653,-3.99110293176292,48.687638661207195
2015-10-24,27.474313627996462,1.4550811572359372,54.02501454220115
2015-10-25,26.482480880042985,0.4268448180429076,52.539040336704275
2015-10-26,19.184762251049108,-7.779844691282239,46.12934019125533
2015-10-27,16.54994452373402,-11.211120791646893,42.45759822157072
2015-10-28,16.02880818359112,-12.20259778759981,41.90027525166417
2015-10-29,18.001058926915636,-9.423800300785517,46.03830689824916
2015-10-30,19.840921387141076,-7.422223763456192,48.563239802973456
2015-10-31,24.577165734101904,-3.00590055301583,51.0234863012826
2015-11-01,23.73334730482462,-3.010242007085838,48.5794045046137
2015-11-02,16.642884336125935,-8.95712622149022,43.77410067064401
2015-11-03,14.254199420690052,-12.821446022702602,40.4298048402464
2015-11-04,14.017837759808288,-13.971728186725072,41.095087645398586
2015-11-05,16.307691341747255,-10.950714607084597,43.9464207759185
2015-11-06,18.496013511707545,-8.687250862050597,43.52079428872631
2015-11-07,23.59998385415925,-4.523668571488017,52.250031093708714
2015-11-08,23.14904127126512,-4.00637575739931,50.53900470134668
2015-11-09,16.46980478367976,-9.091943673364888,43.6870395753096
2015-11-10,14.485400488601949,-12.808695903934398,41.55578786430476
2015-11-11,14.642215231205132,-9.118941560493163,41.43275306106315
2015-11-12,17.305517315794216,-11.001724873151868,43.257794513268536
2015-11-13,19.84396822354146,-9.158355484281168,47.21886060034285
2015-11-14,25.262772469555596,-1.802941140373453,53.23254980085735
2015-11-15,25.098119941709733,-2.9104061122388343,49.80477297132148
2015-11-16,18.671934259112355,-7.539248773404836,41.41179789354847
2015-11-17,16.885338783432157,-10.88404868805449,44.4798537799121
2015-11-18,17.184969526024446,-10.370706900386454,43.49672465258842
2015-11-19,19.932888459936443,-6.321952909494123,44.28833052583171
2015-11-20,22.50046341628796,-4.862856764813341,49.18776401430416
2015-11-21,27.887952270490437,2.4326605168698414,58.92729966933466
2015-11-22,27.64588613683861,1.3489493352299213,54.42219923869882
2015-11-23,21.099463485594814,-7.322564485078935,47.42592207205478
2015-11-24,19.13596470823028,-7.992010603414506,45.104505854119026
2015-11-25,19.210429953876705,-6.2650808228576755,43.76403621137649
2015-11-26,21.68967189227183,-4.776365737336905,47.72529943162075
2015-11-27,23.955336692659806,-4.274602078393912,48.43875636037456
2015-11-28,29.009746200010493,4.0026752460368,56.294380410251044
2015-11-29,28.424060787371655,1.5424953915293869,57.455711385133604
2015-11-30,21.532177126352824,-4.169141521108183,48.869887556088074
2015-12-01,19.211971710898574,-7.666109077915801,46.592784368290545
2015-12-02,18.930249335485062,-6.745282610842457,46.392014946618
2015-12-03,21.0607884390481,-7.1034397152128586,46.74331792673416
2015-12-04,22.99654508746285,-5.438034816969335,50.07932144040613
2015-12-05,27.741744461356525,3.948584988644785,54.283013388350575
2015-12-06,26.886843925878257,2.471204626546739,53.42182832746511
2015-12-07,19.77198333296566,-7.586778871136203,46.333640870011614
2015-12-08,17.2621330584496,-9.072745770772139,43.706448504886964
2015-12-09,16.831413041839653,-10.512264271103652,44.407879278864776
2015-12-10,18.855292086250937,-8.116150886609445,44.23229750151725
2015-12-11,20.732074253974716,-6.500837911351727,48.77555312707022
2015-12-12,25.46139327555193,-1.6402310600227958,54.44745955416918
2015-12-13,24.64613950961806,-0.5540139876517268,51.56417395032757
2015-12-14,17.625632186171114,-9.452651942172585,45.635798551752394
2015-12-15,15.244842707465063,-11.932568710764833,42.40525105048077
2015-12-16,14.978251994027996,-11.413230005628021,41.173588689059486
2015-12-17,17.196364297398652,-10.140444588083348,43.09631397919556
2015-12-18,19.296625468109973,-8.829698188035692,46.06592092242435
2015-12-19,24.268455111517106,-2.8725862911425586,51.37509299178803
2015-12-20,23.722254552181003,-4.462782528063632,49.432735855335935
2015-12-21,16.992397878446624,-8.807881829158214,43.51004585909914
2015-12-22,14.900605159049492,-12.035396500568577,42.68711822445169
2015-12-23,14.919389215528868,-12.018632881117194,40.01446261986261
2015-12-24,17.41291086352521,-7.185146829949079,44.019994055433095
2015-12-25,19.777331746374344,-8.60770409556264,46.00986548213442
2015-12-26,24.99236332981863,-3.3264903678195465,52.7200881580641
2015-12-27,24.677312590256324,-0.15704264428092798,52.6113081501504
2015-12-28,18.163827993629674,-7.425032903908987,46.730246749750904
2015-12-29,16.25334045663472,-9.345222822423356,41.43459510179506
2015-12-30,16.42000177266144,-10.465896214046127,43.00080261500071
2015-12-31,19.02577094392994,-7.469180026023598,45.51096318442243
2016-01-01,21.470081957950168,-5.391885736366041,46.553209421888795
2016-01-02,26.72778413805605,-0.5231652692638015,53.46760196368346
2016-01-03,26.432097684143816,0.42307396812274045,52.83570902081389
2016-01-04,19.916987746965155,-8.127050169839197,47.06170947168899
2016-01-05,17.968550605281635,-7.826839731698235,43.70598014109507
2016-01-06,18.067328572844005,-9.106797032670945,45.85700999067707
2016-01-07,20.577522343386942,-6.315395113670527,47.90925339631293
2016-01-08,22.905881089379385,-1.9646928133673833,51.3555118376999
2016-01-09,28.025955938544232,1.8779249685451695,54.616212062307916
2016-01-10,27.58790299203311,0.8966410042531856,51.110571205815354
2016-01-11,20.93043994277206,-5.334267827048559,46.68911686546224
2016-01-12,18.826149204861984,-8.369515904121082,44.5438335937078
2016-01-13,18.763158288653294,-9.162616471087452,44.6866158459275
2016-01-14,21.10848387854745,-5.850290600357705,47.77800059325702
2016-01-15,23.276165740093433,-3.0454211045710036,50.140964890749544
2016-01-16,28.23786920453098,2.1718600095273883,55.07431600029499
2016-01-17,27.659584223787487,1.5487373686247472,54.62528634444693
2016-01-18,20.88322376755779,-6.371410719930312,46.468731356158926
2016-01-19,18.665911597403706,-7.5786062039836875,45.19231911407545
2016-01-20,18.50110190508916,-7.0873723485894695,47.56487853808699
2016-01-21,20.756132601265765,-6.6489668181738875,48.494267594671285
2016-01-22,22.84968178463402,-3.552207328444613,49.63769397287801
2016-01-23,27.748796941128575,2.794669493867403,57.08412613864061
2016-01-24,27.132564523868222,-1.682608473050739,54.48905630938393
2016-01-25,20.343419438922798,-6.806822312099821,48.39419170756758
2016-01-26,18.120479899697674,-9.092781305805529,46.668394927662064
2016-01-27,17.960160497434643,-10.465667024535668,45.268523167367285
2016-01-28,20.227979545068234,-3.880296531732568,48.164190734781954
2016-01-29,22.3453729232397,-4.867314565452105,47.32003152907717
2016-01-30,27.273174432987474,2.509291373167631,56.30569125341686
2016-01-31,26.70226997098114,-1.1128497937365667,53.58164754979414
2016-02-01,19.974622149262842,-7.832723711335738,45.7880802335637
2016-02-02,17.810646903497364,-8.357088457050619,43.86466693057315
2016-02-03,17.70930622224412,-10.273537530366244,44.644085971336274
2016-02-04,20.034148479877455,-5.348577416291688,46.39146566907761
2016-02-05,22.209452631449786,-4.937198684301507,47.05345163943184
2016-02-06,27.190128183475306,-0.44669240219276346,52.773842701202724
2016-02-07,26.679319441647014,-1.5545271151772027,52.984157690962796
2016-02-08,20.01910928382598,-6.709238277199023,46.140257619409965
2016-02-09,17.911901564995908,-8.89115026426816,43.23776230631648
2016-02-10,17.859958955811358,-10.366145016032657,44.625053274646675
2016-02-11,20.225644359938755,-5.088880339604444,48.3379882014455
2016-02-12,22.43686725034434,-3.837749050217736,48.88952501429394
2016-02-13,27.443379582288493,-0.34411488688025693,54.243676854025054
2016-02-14,26.961311563165058,1.103034678253606,52.03167541177245
2016-02-15,20.333541493103258,-6.427181778029107,48.76738500694665
2016-02-16,18.24507642773735,-9.130208069189983,42.94256551362
2016-02-17,18.202032963707197,-8.109296692270101,43.674445821011346
2016-02-18,20.566082548669737,-4.527494483718976,49.76993674930673
2016-02-19,22.76920711972137,-3.034193928313259,51.5790881801217
2016-02-20,27.75640167392991,0.06080913692356005,55.682465191086216
2016-02-21,27.257154890441452,-0.6316161541170114,54.9326358645629
2016-02-22,20.615499945532395,-6.705536567087628,48.59167354261963
2016-02-23,18.499408826485674,-7.737110417987047,44.32329312666053
2016-02-24,18.419230849622405,-9.929709241093335,44.063449976260316
2016-02-25,20.73635498960492,-6.834119119457673,46.96063890848625
2016-02-26,22.887285326802076,-2.297012240244918,51.431426427969555
2016-02-27,27.812757331443756,0.17340346946434562,55.4264764481432
2016-02-28,27.256166280614618,1.6968352527100699,53.64677611286281
2016-02-29,20.56329741187396,-6.868810460273383,46.844793294014565
2016-03-01,18.38572742841873,-9.254605809931872,46.62985587039727
2016-03-02,18.23870945329271,-6.854599277528794,44.63668702773976
2016-03-03,20.48403647126314,-7.197021748767683,47.044204156803474
2016-03-04,22.56341652539114,-3.665612544730614,49.729474961055
2016-03-05,27.413979178626768,1.489595860036395,53.00381561442507
2016-03-06,26.793625584994516,-0.4068790716786031,53.82812062459744
2016-03-07,20.050410271813423,-6.888849677439336,47.51267162279031
2016-03-08,17.81992171880858,-9.383093943776755,43.84937186021414
2016-03-09,17.622586467906252,-9.245746776251114,44.99602179174154
2016-03-10,19.820708511977582,-5.3751516005191435,47.679670279965386
2016-03-11,21.861122452127006,-2.6415679439928614,50.552666356201925
2016-03-12,26.677072920929845,0.04457692263617742,51.421456655049624
2016-03-13,26.040474743060006,-0.5067891398947043,53.350411268470594
2016-03-14,19.30094134761292,-7.754551180602373,45.813180936353405
2016-03-15,17.07714669830344,-10.302043407088052,42.39991559646507
2016-03-16,16.893558580423175,-8.878525077445047,44.865820810487286
2016-03-17,19.111671901444872,-7.151067016692378,46.50178536032828
2016-03-18,21.181965629853647,-2.9177007998987263,48.28891709634081
2016-03-19,26.03218847153687,-0.840333425525979,52.46044809614326
2016-03-20,25.446569201873007,-1.290437934252606,51.38589464076803
2016-03-21,18.77453761705135,-8.574101035257474,45.6300309462493
2016-03-22,16.616118327350282,-9.628771866613326,44.24773909132349
2016-03-23,16.498146882066642,-9.575810844095425,43.53714025543097
2016-03-24,18.77975215318921,-7.466358721346618,46.79000500171809
2016-03-25,20.91367195846945,-5.53113558216716,46.37926916315672
2016-03-26,25.8209977660773,-0.012690422586706843,53.104781810471245
2016-03-27,25.29738396424609,-2.5778049262465608,52.49852209964368
2016-03-28,18.69150427000843,-7.384150330244889,44.59907616593392
2016-03-29,16.584512721892853,-10.369596494134788,43.84016495388952
2016-03-30,16.50576883363058,-8.614710457849759,43.298732685948515
2016-03-31,18.81258476782998,-7.813757556169905,44.6199016125277
2016-04-01,20.96090381130101,-5.226645998889622,47.23301950303
2016-04-02,25.866496008477345,-1.21739058589887,56.20769722037708
2016-04-03,25.33814563800958,-2.27920478057369,51.52295877822858
2016-04-04,18.725809743496104,-8.171636419482343,45.43072760024173
2016-04-05,16.59410081800741,-9.611742691837085,42.52360036649979
2016-04-06,16.477464145526685,-8.555933752076392,43.71972832232905
2016-04-07,18.734122824997343,-7.382451421544811,45.631223442327695
2016-04-08,20.82604366658882,-6.767936938513032,49.35749473720421
2016-04-09,25.666501772127376,-1.6157264616516784,52.536534273803376
2016-04-10,25.080159913936345,-2.2413372140894587,52.726800108384886
2016-04-11,18.420841014675236,-9.013329439971251,44.20538617025992
2016-04-12,16.238945095545763,-11.51060667699497,44.03141994999795
2016-04-13,16.0759948181186,-11.723061274148742,43.306824169787525
2016-04-14,18.29270051176335,-7.041796424732185,45.19723878901454
2016-04-15,20.35814440241498,-7.646174130766047,47.32190778961594
2016-04-16,25.183656265765766,0.001387481015942351,50.679255173824934
2016-04-17,24.609740259506545,-0.6175306349451755,52.05056923738486
2016-04-18,17.993432220562745,-8.071973367497263,45.24466705597499
2016-04-19,15.869638565825518,-11.050649308025553,43.94629406178251
2016-04-20,15.785055601493424,-13.468495335685555,44.51622925034901
2016-04-21,18.10037856335464,-9.459731894307343,45.752959196749394
2016-04-22,20.28874666837385,-7.712316105698075,45.12467124112459
2016-04-23,25.255990305575853,-3.1052142899364537,50.89533571538726
2016-04-24,24.85448270845198,-0.6860784377808022,50.383629038273234
